mode,n_bus,pv_share,n_pv,tau,stress_axis,stress_level,lam_ref,rho,v_min_base,load_scale,mem_est_gb,lam_batch_min,lam_batch_max,t_pre_ms_min,t_pre_ms_median,t_solve_ms_min,t_solve_ms_median,t_wall_ms_min,t_wall_ms_median,t_total_ms_min,t_total_ms_median,t_per_scen_ms_min,t_per_scen_ms_median,k_out,k_in,converged,conv_share,v_min_batch,v_max_batch,gflops,q_max_batch,q_med_batch,t_nr_total_ms_min,t_nr_total_ms_median,speedup_raw,speedup_corrected,timed_out,skip_reason
quick,40,0.0,0,1,base,0,1.0,1.0,0.97,0.001734603218488682,3.5762786865234375e-06,1.0,1.0,0.06579999899258837,0.08040000102482736,0.05200000305194408,0.06270000449148938,0.22709999757353216,0.3360999980941415,0.11780000204453245,0.14310000551631674,0.11780000204453245,0.14310000551631674,0,4,True,1.0,0.9700000193323024,0.9987856177642316,0.9846153268270977,,,16.11869999760529,17.626149998250185,123.17365002645225,69.51362411570551,False,
quick,40,0.0,0,10,base,0,1.0,1.0,0.97,0.001734603218488682,3.5762786865234375e-05,0.8524758091122211,1.129945397050124,0.06709999433951452,0.07090000144671649,0.09859999408945441,0.10209999891230837,0.2773000014713034,0.3110000034212135,0.16569998842896894,0.17300000035902485,0.016569998842896894,0.017300000035902485,0,50,True,1.0,0.9659706401870184,0.9989653863956375,6.490872600046637,,,161.1869999760529,176.26149998250185,1018.8525989405113,574.9942181371622,False,
quick,40,0.0,0,1000,base,0,1.0,1.0,0.97,0.001734603218488682,0.0035762786865234375,0.8500501814641241,1.1487011354734258,0.09229999704984948,0.09919999865815043,5.700200003047939,5.816600001708139,6.2539999998989515,6.333600002108142,5.792500000097789,5.915800000366289,0.005792500000097789,0.005915800000366289,0,5000,True,1.0,0.9653864043106889,0.9989683403956987,11.22767621588343,,,16118.69999760529,17626.149998250185,2979.5040395481296,1681.497006964521,False,
quick,40,0.0,0,10000,base,0,1.0,1.0,0.97,0.001734603218488682,0.035762786865234375,0.8500089821126245,1.1499576804720113,0.10659999679774046,0.10769999789772555,63.51929999800632,63.84769999567652,64.65609999577282,65.12880000082077,63.62589999480406,63.95539999357425,0.006362589999480406,0.0063955399993574245,0,50000,True,1.0,0.9653472391329007,0.9989683905689682,10.075677786437945,,,161186.9999760529,176261.49998250185,2756.0065295535837,1555.3651443687424,False,
quick,40,0.0,0,1,lambda,1,5.0,1.0,0.8263734508399418,0.001734603218488682,3.5762786865234375e-06,5.0,5.0,0.0681000019540079,0.07950000144774094,0.09249999857274815,0.09919999865815043,0.27850000333273783,0.34330000198679045,0.16060000052675605,0.17870000010589138,0.16060000052675605,0.17870000010589138,0,9,True,1.0,0.8263734941580638,0.9938266661229082,1.2454054246216992,,,16.07510000030743,18.296149999514455,102.38472293605369,59.41466138438388,False,
quick,40,0.0,0,10,lambda,1,5.0,1.0,0.8263734508399418,0.001734603218488682,3.5762786865234375e-05,4.854033798912126,5.1216276702691195,0.061399994592648,0.06769999890821055,0.14250000094762072,0.1464000015403144,0.29680000443477184,0.3260000012232922,0.20389999554026872,0.21410000044852495,0.020389999554026872,0.021410000044852495,0,90,True,1.0,0.8211303125117996,0.9940105870329299,8.084210472556034,,,160.7510000030743,182.96149999514455,854.5609510128568,495.90845275283357,False,
quick,40,0.0,0,1000,lambda,1,5.0,1.0,0.8263734508399418,0.001734603218488682,0.0035762786865234375,4.85003278283455,5.149997653966498,0.07329999789362773,0.09270000009564683,9.403199997905176,12.598699999216478,10.002800001529977,13.008299996727146,9.476499995798804,12.691399999312125,0.009476499995798804,0.012691399999312125,0,9000,True,1.0,0.8198966516303162,0.9940156251546567,12.251148547905393,,,16075.10000030743,18296.149999514455,1441.6179460505623,836.5822522539958,False,
quick,40,0.0,0,10000,lambda,1,5.0,1.0,0.8263734508399418,0.001734603218488682,0.035762786865234375,4.8500467556504425,5.14996676826234,0.0988000028883107,0.10910000128205866,111.10919999919133,112.12659999728203,113.06289999629371,113.52910000277916,111.20800000207964,112.23569999856409,0.011120800000207964,0.011223569999856409,0,90000,True,1.0,0.8198979969199093,0.9940156075602408,10.368178332742783,,,160751.0000030743,182961.49999514455,1630.1542200697756,945.9913374992747,False,
quick,40,0.0,0,1,lambda,2,9.0,1.0,0.566883715098724,0.001734603218488682,3.5762786865234375e-06,9.0,9.0,0.0661999947624281,0.12179999612271786,0.1812999980757013,0.21040000137872994,0.39280000055441633,0.5767000038758852,0.2474999928381294,0.3321999975014478,0.2474999928381294,0.3321999975014478,0,25,True,1.0,0.5668853847872981,0.988693513424342,1.7650303551927502,,,16.296299996611197,17.998150000494206,54.17865784425771,31.063817201310112,False,
quick,40,0.0,0,10,lambda,2,9.0,1.0,0.566883715098724,0.001734603218488682,3.5762786865234375e-05,8.909499929131284,9.145340737848679,0.07499999628635123,0.08060000254772604,0.39449999894713983,0.4545999981928617,0.6200999996508472,0.7777999999234453,0.46949999523349106,0.5352000007405877,0.046949999523349106,0.05352000007405877,0,290,True,1.0,0.5459168243993364,0.9888117041224485,9.409378985821952,,,162.96299996611197,179.98150000494206,336.28830298185926,192.81390101608912,False,
quick,40,0.0,0,1000,lambda,2,9.0,1.0,0.566883715098724,0.001734603218488682,0.0035762786865234375,8.850006945736638,9.149776354398385,0.06800000119255856,0.09839999984251335,30.05529999791179,30.6644000011147,30.56569999898784,31.352999998489395,30.123299999104347,30.762800000957213,0.030123299999104347,0.030762800000957213,0,30000,True,1.0,0.5452100755798588,0.9888893469131279,12.776448747032301,,,16296.299996611197,17998.150000494206,585.0621529878352,335.4506090583286,False,
quick,40,0.0,0,10000,lambda,2,9.0,1.0,0.566883715098724,0.001734603218488682,0.035762786865234375,8.850010349003657,9.149990045199443,0.09790000331122428,0.11480000102892518,371.38319999939995,372.9894999996759,373.03320000501117,374.17659999482566,371.4811000027112,373.1043000007048,0.037148110000271115,0.037310430000070484,0,300000,True,1.0,0.545175943423095,0.9888893424728217,10.339724575603324,,,162962.99996611197,179981.50000494206,482.38924076887366,276.58217813735075,False,
quick,40,0.0,0,1,rho,1,1.0,3.16,0.97,0.0015524035322878882,3.5762786865234375e-06,1.0,1.0,0.0689999942551367,0.08209999941755086,0.06009999924572185,0.0653000024612993,0.2316999962204136,0.3355000008014031,0.12909999350085855,0.14740000187885016,0.12909999350085855,0.14740000187885016,0,4,True,1.0,0.9700000123692174,0.998783239863092,0.8519134882292801,,,15.366999999969266,16.719050003302982,113.42638935001216,61.33174955384164,False,
quick,40,0.0,0,10,rho,1,1.0,3.16,0.97,0.0015524035322878882,3.5762786865234375e-05,0.8662502864081747,1.0998541623636469,0.06579999899258837,0.0670000008540228,0.08189999789465219,0.08800000068731606,0.24539999867556617,0.2706000013859011,0.14769999688724056,0.15500000154133886,0.014769999688724056,0.015500000154133886,0,40,True,1.0,0.9669158883439791,0.9989464545315139,6.251526412230005,,,153.66999999969266,167.19050003302982,1078.648376583659,583.2451554562311,False,
quick,40,0.0,0,1000,rho,1,1.0,3.16,0.97,0.0015524035322878882,0.0035762786865234375,0.8501461206116926,1.1498262852848213,0.07219999679364264,0.08119999984046444,4.713100002845749,5.061900003056508,5.16559999960009,5.524000000150409,4.785299999639392,5.143100002896972,0.004785299999639392,0.005143100002896972,0,4000,True,1.0,0.9653660187277486,0.9989660965121543,10.863338348239092,,,15366.999999969266,16719.050003302982,3250.7728789806893,1757.7531050100647,False,
quick,40,0.0,0,10000,rho,1,1.0,3.16,0.97,0.0015524035322878882,0.035762786865234375,0.8500275725973341,1.1498735380764908,0.08410000009462237,0.1005000012810342,50.11010000453098,51.112900000589434,51.345200001378544,52.504200000839774,50.1942000046256,51.21340000187047,0.00501942000046256,0.005121340000187047,0,40000,True,1.0,0.9653645511547804,0.9989662410952802,10.21750106173615,,,153669.99999969266,167190.50003302982,3264.585050532156,1765.221601990738,False,
quick,40,0.0,0,1,rho,2,1.0,7.73,0.9700000000000001,0.0015798263904596827,3.5762786865234375e-06,1.0,1.0,0.0653000024612993,0.08369999704882503,0.04920000355923548,0.060699996538460255,0.25019999884534627,0.3539000026648864,0.11450000602053478,0.14439999358728528,0.11450000602053478,0.14439999358728528,0,4,True,1.0,0.9700000132717357,0.9987835809028021,1.0406503312211468,,,15.318099998694379,17.30015000066487,119.80713828915422,66.63019684287922,False,
quick,40,0.0,0,10,rho,2,1.0,7.73,0.9700000000000001,0.0015798263904596827,3.5762786865234375e-05,0.8984590494996383,1.124757425398547,0.06130000110715628,0.06620000203838572,0.07729999924777076,0.08399999933317304,0.26200000138487667,0.2798000059556216,0.13860000035492703,0.15020000137155876,0.013860000035492703,0.015020000137155876,0,40,True,1.0,0.9661423535409515,0.9989074809009039,6.623544695762277,,,153.1809999869438,173.0015000066487,1151.8075794066374,640.5725638464064,False,
quick,40,0.0,0,1000,rho,2,1.0,7.73,0.9700000000000001,0.0015798263904596827,0.0035762786865234375,0.8504506382785822,1.1496622602199271,0.07639999967068434,0.0866999980644323,6.894999998621643,7.919999996374827,7.338700001128018,8.501399999659043,6.971399998292327,8.00669999443926,0.006971399998292327,0.00800669999443926,0,4000,True,1.0,0.9653690153577205,0.9989660302581007,7.425670777409025,,,15318.099998694379,17300.15000066487,2160.709157665457,1201.668602984186,False,
quick,40,0.0,0,10000,rho,2,1.0,7.73,0.9700000000000001,0.0015798263904596827,0.035762786865234375,0.8500037843950614,1.14997124102696,0.09890000364976004,0.1036000030580908,50.20369999692775,50.6630000018049,51.41559999901801,52.279000003181864,50.30260000057751,50.766600004862994,0.0050302600000577515,0.0050766600004863,0,40000,True,1.0,0.9653594141215799,0.9989665751337468,10.198451509178252,,,153180.9999869438,173001.5000066487,3407.7818878963076,1895.2224485999986,False,
quick,40,0.5,20,1,base,0,1.0,1.0,0.9767938237946636,0.001734603218488682,3.5762786865234375e-06,1.0,1.0,0.10109999857377261,0.14460000238614157,0.15619999612681568,0.170899998920504,0.3782999992836267,0.5448000010801479,0.2572999947005883,0.31550000130664557,0.2572999947005883,0.31550000130664557,3,6,True,1.0,0.9817951168599102,1.0041524962080535,0.49167734893954546,0.08576056295370521,0.0005883199141927818,17.20519999798853,18.769099999190075,59.490015598915086,35.151663865057856,False,
quick,40,0.5,20,10,base,0,1.0,1.0,0.9767938237946636,0.001734603218488682,3.5762786865234375e-05,0.8703538143616372,1.137500833048782,0.10099999781232327,0.10589999874355271,0.24220000341301784,0.26249999791616574,0.4507999983616173,0.4873999932897277,0.3432000012253411,0.36839999665971845,0.03432000012253411,0.036839999665971845,4,55,True,1.0,0.9817757189288934,1.004152495139363,3.1709330684457018,0.08617866538100723,0.0007235482096385418,172.0519999798853,187.69099999190075,509.47611751817163,301.0409906599535,False,
quick,40,0.5,20,1000,base,0,1.0,1.0,0.9767938237946636,0.001734603218488682,0.0035762786865234375,0.8500084786010513,1.1499067520882573,0.10819999442901462,0.1475000026402995,8.930800002417527,11.781099994550459,9.62219999928493,12.571999999636319,9.038999996846542,11.928599997190759,0.009038999996846542,0.011928599997190759,4,6000,True,1.0,0.981773818161226,1.0041524866041296,8.599453574059499,0.08621297188885414,0.0006678704899096559,17205.19999798853,18769.099999190075,1573.4537165811819,929.7277130567165,False,
quick,40,0.5,20,10000,base,0,1.0,1.0,0.9767938237946636,0.001734603218488682,0.035762786865234375,0.8500178169474992,1.1499937479113855,0.15619999612681568,0.17490000027464703,118.50699999922654,124.72839999827556,121.31099999533035,127.66560000454774,118.66319999535335,124.90329999855021,0.011866319999535335,0.012490329999855021,4,60000,True,1.0,0.9817738062536934,1.0041524866048086,6.480629836254504,0.08621323992749358,0.0006839386876412315,172051.9999798853,187690.99999190075,1502.6904813089752,887.9148905981866,False,
quick,40,0.5,20,1,lambda,1,5.0,1.0,0.8359926376687014,0.001734603218488682,3.5762786865234375e-06,5.0,5.0,0.10260000271955505,0.12799999967683107,0.4369000016595237,0.4622999986167997,0.6442999947466888,0.7614999994984828,0.5395000043790787,0.5902999982936308,0.5395000043790787,0.5902999982936308,11,16,True,1.0,0.8409973004225367,0.9992080610025532,0.468757150885984,0.08318880307391582,0.0029718529481128097,17.762499999662396,19.82059999500052,33.57716424241159,20.5689480370408,False,
quick,40,0.5,20,10,lambda,1,5.0,1.0,0.8359926376687014,0.001734603218488682,3.5762786865234375e-05,4.868848381655628,5.12818413546811,0.11369999992894009,0.13690000196220353,0.7162999972933903,0.9014999959617853,1.1614000031840988,1.204700005473569,0.8299999972223304,1.0383999979239888,0.08299999972223304,0.10383999979239888,11,160,True,1.0,0.8409768192840655,0.9992080610025542,2.8591372438064617,0.08360802365940737,0.0028643669920777374,177.62499999662396,198.2059999500052,190.87634856150484,116.92844776041449,False,
quick,40,0.5,20,1000,lambda,1,5.0,1.0,0.8359926376687014,0.001734603218488682,0.0035762786865234375,4.850090746166151,5.149881488060617,0.15100000018719584,0.16099999629659578,21.63979999750154,22.909100000106264,22.316100003081374,23.65769999596523,21.790799997688737,23.07009999640286,0.021790799997688737,0.02307009999640286,11,16000,True,1.0,0.8409733519881349,0.9992080610025547,9.46404310685152,0.08367921914177662,0.0029997368759835134,17762.499999662396,19820.59999500052,859.1466876212496,526.3024431216227,False,
quick,40,0.5,20,10000,lambda,1,5.0,1.0,0.8359926376687014,0.001734603218488682,0.035762786865234375,4.850003984000323,5.1499917381985085,0.1655000014579855,0.17530000332044438,318.7111000006553,325.3649999969639,321.2139000024763,328.35789999808185,318.87660000211326,325.54030000028433,0.03188766000021133,0.03255403000002843,11,160000,True,1.0,0.8409733343694933,0.9992080610025547,6.425882248832217,0.08367958107942353,0.0029881676099872845,177624.99999662396,198205.9999500052,608.8524214969148,372.97532720699587,False,
quick,40,0.5,20,1,lambda,2,9.0,1.0,0.595244959735905,0.001734603218488682,3.5762786865234375e-06,9.0,9.0,0.14070000179344788,0.15969999367371202,1.795999996829778,1.8389999968349002,2.173400003812276,2.250500001537148,1.9366999986232258,1.9986999905086122,1.9366999986232258,1.9986999905086122,48,94,True,1.0,0.6002610729380816,0.9940908502476581,0.6699331860377711,0.08059331273725473,0.005331407518947641,18.14649999869289,20.2895999973407,10.151398455842077,6.309526218738832,False,
quick,40,0.5,20,10,lambda,2,9.0,1.0,0.595244959735905,0.001734603218488682,3.5762786865234375e-05,8.890828961006067,9.148008363651034,0.10059999476652592,0.11999999696854502,2.754000001004897,2.834499995515216,2.977299998747185,3.1759999983478338,2.854599995771423,2.954499992483761,0.2854599995771423,0.2954499992483761,50,934,True,1.0,0.6002276332415407,0.9940908502476581,4.50835148709861,0.08110803010621777,0.005344146142336562,181.4649999869289,202.89599997340702,68.67354898953252,42.68353367943513,False,
quick,40,0.5,20,1000,lambda,2,9.0,1.0,0.595244959735905,0.001734603218488682,0.0035762786865234375,8.850048229372529,9.149801001330905,0.12929999502375722,0.1795999996829778,110.62769999989541,111.13430000114022,111.68219999672147,112.06200000015087,110.75699999491917,111.3139000008232,0.11075699999491917,0.1113139000008232,50,93072,True,1.0,0.6002272386530052,0.9940908502476583,11.223228901994473,0.08111428442207248,0.005291730589534506,18146.49999869289,20289.5999973407,182.27373218610305,113.2908827506168,False,
quick,40,0.5,20,10000,lambda,2,9.0,1.0,0.595244959735905,0.001734603218488682,0.035762786865234375,8.850019904936046,9.149996868866255,0.16280000272672623,0.1692000005277805,1744.3282999956864,1806.3355999984196,1747.1224000037182,1809.6297999945818,1744.4910999984131,1806.5047999989474,0.1744491099998413,0.18065047999989475,50,929788,True,1.0,0.6002271955355171,0.9940908502476583,7.117926138119014,0.08111496781169715,0.0052814271292820954,181464.9999869289,202895.99997340702,112.31412170813232,69.80800711691711,False,
quick,40,0.5,20,1,rho,1,1.0,3.16,0.9781177289014468,0.0015524035322878882,3.5762786865234375e-06,1.0,1.0,0.10639999527484179,0.12489999789977446,0.19749999773921445,0.23859999782871455,0.43870000081369653,0.6084999986342154,0.30389999301405624,0.363499995728489,0.30389999301405624,0.363499995728489,4,8,True,1.0,0.9831183650088825,1.0042246727331927,0.5184810185932881,0.20646218489443235,0.000550505411636564,17.824800001108088,19.639799997094087,54.02971176859036,32.90522732824091,False,
quick,40,0.5,20,10,rho,1,1.0,3.16,0.9781177289014468,0.0015524035322878882,3.5762786865234375e-05,0.8552570696095394,1.1399747266067213,0.10029999975813553,0.11129999620607123,0.2684999999473803,0.2759000053629279,0.48609999794280156,0.5182999957469292,0.3687999997055158,0.38720000156899914,0.03687999997055158,0.038720000156899914,4,80,True,1.0,0.9830988357313898,1.0042247073554802,3.8137802614550464,0.20789985359253957,0.001008310795787922,178.24800001108088,196.39799997094087,507.22623753900655,308.91141386343895,False,
quick,40,0.5,20,1000,rho,1,1.0,3.16,0.9781177289014468,0.0015524035322878882,0.0035762786865234375,0.8503885858108836,1.1497662081753095,0.12489999789977446,0.14910000027157366,10.298700006387662,10.72320000093896,11.143299998366274,11.422999996284489,10.423600004287437,10.872300001210533,0.010423600004287437,0.010872300001210533,4,8000,True,1.0,0.9830974523865735,1.00422470844141,9.943002508713475,0.20800159317726397,0.0009240279075916921,17824.800001108088,19639.799997094087,1806.4071075032305,1100.13980408274,False,
quick,40,0.5,20,10000,rho,1,1.0,3.16,0.9781177289014468,0.0015524035322878882,0.035762786865234375,0.8500065056363,1.149982430898271,0.17379999917466193,0.18260000069858506,138.32489999913378,147.93899999494897,140.88359999732347,150.84209999622544,138.49869999830844,148.12159999564756,0.013849869999830844,0.014812159999564756,4,80000,True,1.0,0.9830974218025529,1.0042247085264298,7.402860945544964,0.20800384160502913,0.0009299522224374751,178248.00001108088,196397.99997094087,1325.9241054425006,807.5155813609897,False,
quick,40,0.5,20,1,rho,2,1.0,7.73,0.9785879612407614,0.0015798263904596827,3.5762786865234375e-06,1.0,1.0,0.1249999986612238,0.15299999358830974,0.41080000664805993,0.4229000041959807,0.7069999992381781,0.7661999989068136,0.5358000053092837,0.5758999977842905,0.5358000053092837,0.5758999977842905,9,18,True,1.0,0.9835884820003651,1.004250637619234,0.5608568555778725,0.5779690403330894,0.0006116683942923272,17.49549999658484,19.347300003573764,33.59489508249747,20.261416990160832,False,
quick,40,0.5,20,10,rho,2,1.0,7.73,0.9785879612407614,0.0015798263904596827,3.5762786865234375e-05,0.8751261378995903,1.1194047304565808,0.10579999798210338,0.11329999688314274,0.7856000011088327,0.7872999995015562,1.022600001306273,1.036299996485468,0.891399999090936,0.9005999963846989,0.0891399999090936,0.09005999963846989,12,194,True,1.0,0.9835716751732022,1.004251094160749,3.9103869598574788,0.5881330403228495,0.0014479589118091968,174.9549999658484,193.47300003573764,214.82678304730308,129.56417995315968,False,
quick,40,0.5,20,1000,rho,2,1.0,7.73,0.9785879612407614,0.0015798263904596827,0.0035762786865234375,0.8500139266835166,1.1499326801453489,0.11699999595293775,0.15699999494245276,32.862799998838454,36.20339999906719,33.79449999920325,36.93970000313129,32.97979999479139,36.36039999400964,0.03297979999479139,0.03636039999400964,14,19350,True,1.0,0.9835675063113711,1.0042511235605813,10.905948367536173,0.5908568155282397,0.0018749414906260088,17495.49999658484,19347.300003573764,532.0981069174493,320.91368636380776,False,
quick,40,0.5,20,10000,rho,2,1.0,7.73,0.9785879612407614,0.0015798263904596827,0.035762786865234375,0.8500114861700461,1.1499938609478044,0.1838000025600195,0.1970999946934171,511.44249999924796,518.6309000055189,514.1866999983904,521.4003000000957,511.626300001808,518.8280000002123,0.0511626300001808,0.05188280000002123,14,194022,True,1.0,0.9835674961546697,1.004251123584256,7.007630378791887,0.5908623241445228,0.001854814520298054,174954.9999658484,193473.00003573764,372.9039296947321,224.9020870063958,False,
quick,200,0.0,0,1,base,0,1.0,1.0,0.9700000000000001,4.6337309998198444e-05,1.7881393432617188e-05,1.0,1.0,17.394399998011068,17.43210000131512,0.6016999977873638,0.651299997116439,18.389199998637196,18.45350000075996,17.99609999579843,18.08339999843156,17.99609999579843,18.08339999843156,0,4,True,1.0,0.9700000189817918,0.9999964099887023,2.127305974251212,,,15.523000001849141,17.504450002888916,0.9679844500706251,0.5433546788716491,False,
quick,200,0.0,0,10,base,0,1.0,1.0,0.9700000000000001,4.6337309998198444e-05,0.00017881393432617188,0.954435082564475,1.1413694740146347,14.11740000185091,14.534000001731329,0.8562000002712011,0.9114999993471429,15.44100000319304,15.772700004163198,14.973600002122112,15.445500001078472,1.4973600002122112,1.5445500001078472,0,50,True,1.0,0.9656159529531056,0.9999965735679028,18.687222605620185,,,155.2300000184914,175.04450002888916,11.333041987418135,6.361529246945251,False,
quick,200,0.0,0,1000,base,0,1.0,1.0,0.9700000000000001,4.6337309998198444e-05,0.017881393432617188,0.8503376597927105,1.149996421165972,14.468400004261639,20.50999999482883,44.53419999481412,45.086099999025464,61.89290000475012,66.27719999960391,59.002599999075755,65.5960999938543,0.059002599999075755,0.0655960999938543,0,5000,True,1.0,0.9653471964082325,0.9999969472800442,35.927444529963836,,,15523.000001849141,17504.450002888916,266.8519927942196,149.79091744746913,False,
quick,200,0.0,0,10000,base,0,1.0,1.0,0.9700000000000001,4.6337309998198444e-05,0.17881393432617188,0.8500192677767632,1.1498884537367922,29.245700003230013,75.41839999612421,468.45590000157245,483.4883000003174,540.361599996686,547.2241999959806,497.70160000480246,558.9066999964416,0.04977016000048025,0.05589066999964416,0,50000,True,1.0,0.9653505608110543,0.9999969484230783,34.15476248659969,,,155230.0000184914,175044.50002888916,313.19091367128647,175.8021508619939,False,
quick,200,0.0,0,1,lambda,1,5.0,1.0,0.8265481559050287,4.6337309998198444e-05,1.7881393432617188e-05,5.0,5.0,18.088500000885688,20.9166999993613,1.244899998710025,1.3286999965202995,19.651999995403457,22.558299999218434,19.333399999595713,22.2453999958816,19.333399999595713,22.2453999958816,0,9,True,1.0,0.8265481986214225,0.9999820496528369,2.3134388328253497,,,16.60930000070948,18.37465000426164,0.8259977347075543,0.48081401109480015,False,
quick,200,0.0,0,10,lambda,1,5.0,1.0,0.8265481559050287,4.6337309998198444e-05,0.00017881393432617188,4.887336420596268,5.143208167620458,16.964800001005642,17.136899994511623,1.5100000018719584,1.6527999978279695,19.128600004478358,19.165600002452265,18.4748000028776,18.789699992339592,1.84748000028776,1.8789699992339592,0,90,True,1.0,0.8203804585773997,0.9999824541309124,19.07284765847445,,,166.09300000709482,183.7465000426164,9.779107708879245,5.692427236618314,False,
quick,200,0.0,0,1000,lambda,1,5.0,1.0,0.8265481559050287,4.6337309998198444e-05,0.017881393432617188,4.850533817417408,5.149924204755282,15.10940000298433,20.136799997999333,80.70579999912297,87.97900000354275,101.98530000343453,104.25739999482175,95.8152000021073,108.11580000154208,0.0958152000021073,0.10811580000154208,0,9000,True,1.0,0.8200886939823093,0.9999825862573474,35.6851676091594,,,16609.30000070948,18374.65000426164,169.9534203511379,98.93003613047792,False,
quick,200,0.0,0,10000,lambda,1,5.0,1.0,0.8265481559050287,4.6337309998198444e-05,0.17881393432617188,4.8500462107371884,5.149979517937748,17.54899999650661,18.48009999957867,708.8742999985698,761.1748999988777,730.7033000033698,783.2758000004105,726.4232999950764,779.6549999984563,0.07264232999950763,0.07796549999984563,0,90000,True,1.0,0.8200862900614128,0.9999825880079226,40.627795365212286,,,166093.00000709482,183746.5000426164,235.676677559921,137.1876022144315,False,
quick,200,0.0,0,1,lambda,2,9.0,1.0,0.5673278815623957,4.6337309998198444e-05,1.7881393432617188e-05,9.0,9.0,15.155500004766509,18.7045000056969,3.085500000452157,3.291400003945455,18.971600002259947,22.372200000972953,18.241000005218666,21.995900009642355,18.241000005218666,21.995900009642355,0,26,True,1.0,0.5673291361611446,0.9999676888518597,2.6964835517033756,,,17.95750000019325,19.787400004133815,0.8995949243022382,0.5504957739847964,False,
quick,200,0.0,0,10,lambda,2,9.0,1.0,0.5673278815623957,4.6337309998198444e-05,0.00017881393432617188,8.85578839919978,9.111322501539252,13.432599997031502,13.95069999853149,4.432699999597389,4.498200003581587,18.254299997352064,18.71250000112923,17.86529999662889,18.448900002113078,1.7865299996628892,1.8448900002113078,0,290,True,1.0,0.5514427579728554,0.9999682066084669,20.935321589195926,,,179.5750000019325,197.87400004133815,10.7255175115413,6.5633452395066225,False,
quick,200,0.0,0,1000,lambda,2,9.0,1.0,0.5673278815623957,4.6337309998198444e-05,0.017881393432617188,8.850315849783852,9.149188475652192,14.503300000797026,17.10109999839915,271.47580000018934,276.35449999797856,289.6053000004031,291.7321999993874,285.97910000098636,293.4555999963777,0.28597910000098636,0.2934555999963777,0,31000,True,1.0,0.5454690760199786,0.9999682262563099,36.54101028523751,,,17957.50000019325,19787.400004133815,67.42893986135573,41.26228976529915,False,
quick,200,0.0,0,10000,lambda,2,9.0,1.0,0.5673278815623957,4.6337309998198444e-05,0.17881393432617188,8.850030919426052,9.149945348172363,23.163500001828652,66.33390000206418,2568.2973000002676,2699.090600006457,2644.065699998464,2726.4008999991347,2591.460800002096,2765.424500008521,0.2591460800002096,0.2765424500008521,0,310000,True,1.0,0.545346080618007,0.9999682272792821,38.62481185491635,,,179575.0000019325,197874.00004133815,71.55284841105893,43.78586361791091,False,
quick,200,0.0,0,1,rho,1,1.0,3.16,0.9700000000000001,4.1468345288812614e-05,1.7881393432617188e-05,1.0,1.0,100.24229999544332,122.0543999952497,0.6151999987196177,0.807399999757763,101.19500000291737,123.36720000166679,100.85749999416294,122.86179999500746,100.85749999416294,122.86179999500746,0,4,True,1.0,0.9700000121425514,0.9999964006463311,2.080624191586467,,,16.35760000499431,18.04824999999255,0.14689879198193376,0.0843997076111563,False,
quick,200,0.0,0,10,rho,1,1.0,3.16,0.9700000000000001,4.1468345288812614e-05,0.00017881393432617188,0.917299605155919,1.1018428959018849,52.16659999859985,71.6106999971089,1.0908000040217303,1.1888000008184463,53.76059999980498,73.31189999968046,53.25740000262158,72.79949999792734,5.325740000262158,7.279949999792734,0,40,True,1.0,0.9668548984367263,0.9999966983152837,11.73450674074714,,,163.5760000499431,180.4824999999255,2.479172247131697,1.4243916505544985,False,
quick,200,0.0,0,1000,rho,1,1.0,3.16,0.9700000000000001,4.1468345288812614e-05,0.017881393432617188,0.8503327493839932,1.149680905565988,31.534300003841054,44.48179999599233,39.33169999800157,41.62240000005113,71.99660000333097,87.3799000037252,70.86600000184262,86.10419999604346,0.07086600000184262,0.08610419999604346,0,4000,True,1.0,0.9653714686254123,0.9999969393533477,32.54372427494963,,,16357.60000499431,18048.24999999255,209.60940349973492,120.42966541278447,False,
quick,200,0.0,0,10000,rho,1,1.0,3.16,0.9700000000000001,4.1468345288812614e-05,0.17881393432617188,0.8500459816162523,1.1499568230408521,41.873299996950664,83.12120000482537,333.74929999990854,417.778900002304,379.84200000209967,539.039800001774,375.6225999968592,500.90010000712937,0.03756225999968592,0.050090010000712934,0,40000,True,1.0,0.9653629011830642,0.9999969403855289,38.35214036405022,,,163576.0000499431,180482.4999999255,360.31635848616656,207.01732732757296,False,
quick,200,0.0,0,1,rho,2,1.0,7.73,0.9700000000000001,4.220113382964986e-05,1.7881393432617188e-05,1.0,1.0,13.80740000604419,17.041099999914877,0.5466000002343208,0.6166000021039508,14.72519999515498,17.90140000230167,14.354000006278511,17.657700002018828,14.354000006278511,17.657700002018828,0,4,True,1.0,0.9700000130289009,0.9999964019861315,2.34174899277585,,,16.688999996404164,19.88915000038105,1.1263726305298594,0.6915056884617737,False,
quick,200,0.0,0,10,rho,2,1.0,7.73,0.9700000000000001,4.220113382964986e-05,0.00017881393432617188,0.8555379042069189,1.1047579321897305,13.168499994208105,13.665899998159148,0.7352000029641204,0.8368999988306314,14.334400002553593,14.709499999298714,13.903699997172225,14.50279999698978,1.3903699997172225,1.450279999698978,0,40,True,1.0,0.9667632338525382,0.999996921764385,17.410228439056024,,,166.88999996404164,198.8915000038105,13.714006953491236,8.419339713077406,False,
quick,200,0.0,0,1000,rho,2,1.0,7.73,0.9700000000000001,4.220113382964986e-05,0.017881393432617188,0.8505616381551064,1.1497157797137394,37.73889999865787,65.97909999982221,39.902800002892036,42.58960000152001,78.76540000142995,109.68230000435142,77.6417000015499,108.56870000134222,0.07764170000154991,0.10856870000134222,0,4000,True,1.0,0.9653683199385522,0.9999969396691056,32.0779494147586,,,16688.999996404164,19889.15000038105,183.19414343300753,112.46703696734453,False,
quick,200,0.0,0,10000,rho,2,1.0,7.73,0.9700000000000001,4.220113382964986e-05,0.17881393432617188,0.8500718364594065,1.1499602174607717,51.119700001436286,54.66560000058962,322.67809999757446,365.242700005183,382.5028000064776,424.0709000005154,373.79779999901075,419.9083000057726,0.037379779999901074,0.04199083000057726,0,40000,True,1.0,0.9653607260971898,0.9999969414314234,39.66801589601592,,,166889.99996404164,198891.5000038105,473.6546050675261,290.78729799767314,False,
quick,200,0.5,100,1,base,0,1.0,1.0,0.9769525267436587,4.6337309998198444e-05,1.7881393432617188e-05,1.0,1.0,23.78290000342531,54.4852999955765,1.1718999958247878,1.3380000018514693,25.291999998444226,56.14849999983562,24.9547999992501,55.823299997427966,24.9547999992501,55.823299997427966,3,5,True,1.0,0.9819521102437684,1.0044416974257178,1.3653042117078547,0.08634769441456909,1.571611789107053e-05,19.70650000293972,22.578349999093916,0.40446104046400344,0.2669064708812781,False,
quick,200,0.5,100,10,base,0,1.0,1.0,0.9769525267436587,4.6337309998198444e-05,0.00017881393432617188,0.8706723671763692,1.1386075543791485,19.814600003883243,25.880300003336743,2.246500000183005,2.5936000020010397,23.03300000494346,28.805699999793433,22.061100004066247,28.473900005337782,2.2061100004066247,2.847390000533778,5,74,True,1.0,0.9819521017914079,1.004441465515948,11.395504116587833,0.08636413876600742,2.082194841222443e-05,197.0650000293972,225.78349999093916,7.929489811673612,5.2327218935471596,False,
quick,200,0.5,100,1000,base,0,1.0,1.0,0.9769525267436587,4.6337309998198444e-05,0.017881393432617188,0.8506408603799771,1.1497019495840752,19.670800000312738,22.874500005855225,121.5027999933227,124.24530000134837,142.88120000128401,149.6744999967632,141.17359999363543,147.1198000072036,0.14117359999363543,0.1471198000072036,6,6020,True,1.0,0.9819512677294204,1.0044414416619225,26.33684162155818,0.08636177784551118,1.5871049355038635e-05,19706.50000293972,22578.349999093916,153.4691455398144,101.27528717773416,False,
quick,200,0.5,100,10000,base,0,1.0,1.0,0.9769525267436587,4.6337309998198444e-05,0.17881393432617188,0.8500115385683016,1.1499453791248408,48.78669999743579,72.44809999974677,1118.786099999852,1148.9721999969333,1178.1025000018417,1231.6076999995857,1167.5727999972878,1221.4202999966801,0.11675727999972878,0.12214202999966801,6,60232,True,1.0,0.9819512671804345,1.0044414416647836,28.602429007657705,0.08636181474981733,1.5786171948884392e-05,197065.0000293972,225783.49999093916,184.85324011034766,121.98585528094512,False,
quick,200,0.5,100,1,lambda,1,5.0,1.0,0.8363339391421422,4.6337309998198444e-05,1.7881393432617188e-05,5.0,5.0,23.617200000444427,27.27759999834234,2.862599998479709,3.1019999951240607,27.057899998908397,31.166599997959565,26.479799998924136,30.3795999934664,26.479799998924136,30.3795999934664,11,16,True,1.0,0.841333883136354,1.0010857655406,1.7885838058824732,0.08611769887693,7.96175050680349e-05,21.524400006455835,24.291549998451956,0.7996007190244845,0.5468406430035694,False,
quick,200,0.5,100,10,lambda,1,5.0,1.0,0.8363339391421422,4.6337309998198444e-05,0.00017881393432617188,4.864985430360351,5.109260482552717,25.336200000310782,41.0654999941471,4.605800000717863,4.918200000247452,31.228899999405257,46.31610000069486,29.942000001028646,45.983699994394556,2.9942000001028646,4.598369999439456,11,160,True,1.0,0.8413334477399953,1.0010857668339046,11.116418427204813,0.0861414487745128,8.164781723042294e-05,215.24400006455835,242.91549998451956,5.282643632724882,3.6127584332368885,False,
quick,200,0.5,100,1000,lambda,1,5.0,1.0,0.8363339391421422,4.6337309998198444e-05,0.017881393432617188,4.850182394543791,5.149140316307489,24.96689999679802,67.30649999371963,204.4943000000785,204.5469000004232,231.0529000023962,286.84529999736696,229.46119999687653,271.8533999941428,0.22946119999687653,0.2718533999941428,11,16000,True,1.0,0.8413332879418352,1.001085766996429,25.037372679815693,0.08615029921670826,7.857032802039649e-05,21524.400006455835,24291.549998451956,89.35532900811734,61.10940674266472,False,
quick,200,0.5,100,10000,lambda,1,5.0,1.0,0.8363339391421422,4.6337309998198444e-05,0.17881393432617188,4.850081114480385,5.149954305611986,53.29080000228714,75.67729999573203,1823.1684999991558,2237.4973999976646,1908.5076999981538,2303.109000000404,1876.459300001443,2313.1746999933966,0.1876459300001443,0.23131746999933966,11,160000,True,1.0,0.8413332846754599,1.0010857669975561,28.08297751964435,0.0861504808859895,7.916979511626048e-05,215244.00006455835,242915.49998451956,105.01390145120168,71.81818128421439,False,
quick,200,0.5,100,1,lambda,2,9.0,1.0,0.5961629512267185,4.6337309998198444e-05,1.7881393432617188e-05,9.0,9.0,19.46029999817256,70.03070000064326,17.458000002079643,18.099299995810725,38.79869999946095,88.44230000249809,36.9183000002522,88.12999999645399,36.9183000002522,88.12999999645399,54,106,True,1.0,0.6011641124119359,0.9999676888518597,1.9429487911535892,0.08571118137188108,0.00014666978050332466,68.23029999941355,72.38349999897764,0.8213264495845918,0.7341966412997566,False,
quick,200,0.5,100,10,lambda,2,9.0,1.0,0.5961629512267185,4.6337309998198444e-05,0.00017881393432617188,8.921005401582248,9.132214204705836,24.408800003584474,62.385199998971075,24.503299995558336,24.98780000314582,49.249799994868226,87.70350000122562,48.91209999914281,87.3730000021169,4.891209999914281,8.73730000021169,54,1048,True,1.0,0.6011633854009284,0.9999679724627885,13.843033389848962,0.08575274033626322,0.00014656330981292466,682.3029999941355,723.8349999897764,8.284424249736636,7.4055772370842705,False,
quick,200,0.5,100,1000,lambda,2,9.0,1.0,0.5961629512267185,4.6337309998198444e-05,0.017881393432617188,8.850070725750546,9.149817985411232,20.261800003936514,37.81679999519838,1191.253400000278,1191.4259999975911,1213.3573000028264,1230.8895000023767,1211.5152000042144,1229.2427999927895,1.2115152000042144,1.2292427999927895,56,104992,True,1.0,0.6011611385860761,0.9999682271363672,29.548708948064107,0.08575838144110316,0.00014437070126601602,68230.29999941355,72383.49999897764,58.88462393223066,52.63789220121821,False,
quick,200,0.5,100,10000,lambda,2,9.0,1.0,0.5961629512267185,4.6337309998198444e-05,0.17881393432617188,8.850056429461407,9.14992374506545,82.43519999814453,95.27600000001257,12086.042499999166,15171.504300000379,12226.609099998313,15279.410100003588,12168.477699997311,15266.780300000391,1.216847769999731,1.526678030000039,56,1050860,True,1.0,0.6011611383752328,0.9999682271876947,29.124504567977837,0.08575841552675027,0.0001446094392221107,682302.9999941355,723834.9999897764,47.41242002347789,42.3827085499766,False,
