n_samples,nr_conv_share,t_nr_ms_min,t_nr_ms_median,nr_iter_median,mode,n_bus,pv_share,n_pv,stress_axis,stress_level,lam_ref,rho
200,1.0,16.11869999760529,17.626149998250185,3.0,quick,40,0.0,0,base,0,1.0,1.0
200,1.0,16.07510000030743,18.296149999514455,4.0,quick,40,0.0,0,lambda,1,5.0,1.0
200,1.0,16.296299996611197,17.998150000494206,5.0,quick,40,0.0,0,lambda,2,9.0,1.0
200,1.0,15.366999999969266,16.719050003302982,3.0,quick,40,0.0,0,rho,1,1.0,3.16
200,1.0,15.318099998694379,17.30015000066487,3.0,quick,40,0.0,0,rho,2,1.0,7.73
200,1.0,17.20519999798853,18.769099999190075,3.0,quick,40,0.5,20,base,0,1.0,1.0
200,1.0,17.762499999662396,19.82059999500052,5.0,quick,40,0.5,20,lambda,1,5.0,1.0
200,1.0,18.14649999869289,20.2895999973407,6.0,quick,40,0.5,20,lambda,2,9.0,1.0
200,1.0,17.824800001108088,19.639799997094087,4.0,quick,40,0.5,20,rho,1,1.0,3.16
200,1.0,17.49549999658484,19.347300003573764,4.0,quick,40,0.5,20,rho,2,1.0,7.73
200,1.0,15.523000001849141,17.504450002888916,2.0,quick,200,0.0,0,base,0,1.0,1.0
200,1.0,16.60930000070948,18.37465000426164,3.0,quick,200,0.0,0,lambda,1,5.0,1.0
200,1.0,17.95750000019325,19.787400004133815,5.0,quick,200,0.0,0,lambda,2,9.0,1.0
200,1.0,16.35760000499431,18.04824999999255,2.0,quick,200,0.0,0,rho,1,1.0,3.16
200,1.0,16.688999996404164,19.88915000038105,2.0,quick,200,0.0,0,rho,2,1.0,7.73
200,1.0,19.70650000293972,22.578349999093916,4.0,quick,200,0.5,100,base,0,1.0,1.0
200,1.0,21.524400006455835,24.291549998451956,8.0,quick,200,0.5,100,lambda,1,5.0,1.0
200,0.0,68.23029999941355,72.38349999897764,,quick,200,0.5,100,lambda,2,9.0,1.0
