n,lam,z_rel,load_scale,p_tot,conv,k_in_12,k_in_6,k_pred,eta_emp,eta_r2,eta1,eta2,etainf,eta2_nom,v_min,feas_min,kappa,kappa_n
40,0.2,1.0,0.0017346032184886,0.0138768257479094,True,6,3,4.311275845691052,0.0054310876119499,0.999846399998894,0.0066119815761656,0.0054175124239315,0.0065998838760661,0.0053625783792533,0.9941354650450984,592.9921410218834,0.02683786397905725,0.0006709465994764312
40,0.4769230769230769,1.0,0.0017346032184886,0.0330908921680917,True,7,4,5.361474828679074,0.0128311364603135,0.9998918274294462,0.0160313254890774,0.0131060503887827,0.0159605295402782,0.0127876869043733,0.9859067486995392,248.67412365433816,0.026151009920623972,0.0006537752480155993
40,0.7538461538461538,1.0,0.0017346032184886,0.0523049585882741,True,8,4,6.166942467845423,0.0210464615852481,0.9998973534022662,0.0257751108217899,0.0210238268332522,0.0255929538354728,0.0202127954294934,0.9775466186769388,157.32444557723437,0.026679109115946006,0.0006669777278986501
40,1.0307692307692309,1.0,0.0017346032184886,0.0715190250084564,True,8,4,6.80812827010282,0.0289209399064973,0.9999191612512224,0.0358643473647427,0.0291847687177097,0.03551336293908,0.0276379039546134,0.9690487901297056,115.05817661618632,0.02634767175912295,0.0006586917939780738
40,1.3076923076923077,1.0,0.0017346032184886,0.0907330914286387,True,9,5,7.404453027101584,0.0372604591269767,0.9999057378312683,0.0463220955379195,0.037604109727874,0.0457394637746242,0.0350630124797334,0.9604064593807478,90.69291568569982,0.026281659089268643,0.0006570414772317161
40,1.5846153846153843,1.0,0.0017346032184886,0.109947157848821,True,9,5,7.990944227586778,0.046316206319693,0.9999154412500342,0.0571737398134285,0.0462985598859084,0.0562906568839948,0.0424881210048535,0.951612241873935,74.84366828431538,0.026468489176215543,0.0006617122294053886
40,1.8615384615384616,1.0,0.0017346032184886,0.1291612242690034,True,10,5,8.535551752781075,0.0553004865846472,0.9999040787264548,0.0684473091753017,0.0552865037756491,0.067188261583484,0.0499132295299735,0.9426581002407058,63.7098994486321,0.02639765487090599,0.0006599413717726497
40,2.138461538461539,1.0,0.0017346032184886,0.1483752906891857,True,11,6,9.051377349023484,0.0642363879604382,0.999920118266497,0.080173854676963,0.0645882334119838,0.0784557801633632,0.0573383380550935,0.9335352604887416,55.45969664233441,0.02617828077259254,0.0006544570193148135
40,2.415384615384616,1.0,0.0017346032184886,0.167589357109368,True,11,6,9.58003532449984,0.073808336728846,0.9999107055612731,0.0923878967646067,0.0742262233294139,0.0901192096135075,0.0647634465802136,0.9242341138212742,49.10126008461455,0.02610256054230522,0.0006525640135576305
40,2.6923076923076925,1.0,0.0017346032184886,0.1868034235295504,True,12,6,10.133177737016007,0.0841962213204568,0.9999184597768382,0.1051279584457077,0.0842254574812015,0.1022074116034481,0.0721885551053336,0.9147441009569944,44.05084476162562,0.02616779590959815,0.0006541948977399538
40,2.9692307692307693,1.0,0.0017346032184886,0.2060174899497327,True,12,6,10.672912325542098,0.0945600262338837,0.9999092987406928,0.1184372048876364,0.094613820198154,0.114752554402178,0.0796136636304536,0.9050535749792152,39.94247582012686,0.026086283394804337,0.0006521570848701084
40,3.2461538461538466,1.0,0.0017346032184886,0.225231556369915,True,13,7,11.20644703180567,0.1049704311501326,0.9999206293538612,0.1323642160442522,0.1054225669947152,0.1277906443557503,0.0870387721555737,0.8951496376308673,36.535060821253474,0.025911297622198574,0.0006477824405549643
40,3.5230769230769234,1.0,0.0017346032184886,0.2444456227900973,True,13,7,11.770829503316763,0.1161532487151089,0.9999120365269512,0.1469639270208327,0.1166868957732695,0.1413621698283121,0.0944638806806937,0.8850179424879594,33.66330931565277,0.025823397861367114,0.0006455849465341779
40,3.8,1.0,0.0017346032184886,0.2636596892102796,True,14,7,12.376399447344731,0.1282831356236847,0.9999171475987172,0.1622987819677306,0.1284466454682281,0.1555128877090097,0.1018889892058137,0.8746424564287988,31.21011268536228,0.02582540136658005,0.0006456350341645012
40,4.0769230769230775,1.0,0.0017346032184886,0.282873755630462,True,14,7,12.98615422868493,0.1405196130789688,0.9999078839258664,0.1784401626196628,0.1407471581283415,0.1702947925063762,0.1093140977309337,0.8640051680625941,29.09018050296031,0.02572984135525595,0.0006432460338813988
40,4.353846153846154,1.0,0.0017346032184886,0.3020878220506443,True,15,8,13.607871981183536,0.1529752759078325,0.9999161534135328,0.1954701741076249,0.1536403529765233,0.1857673219229199,0.1167392062560539,0.8530857279402749,27.23992167238333,0.025570164318622846,0.0006392541079655712
40,4.630769230769231,1.0,0.0017346032184886,0.3213018884708266,True,16,8,14.300179008829094,0.1668265326805903,0.9999185076938734,0.2134839013199237,0.1671860788119253,0.2019988724935025,0.1241643147811738,0.8418609999633764,25.61095625675908,0.025532466238060877,0.000638311655951522
40,4.907692307692308,1.0,0.0017346032184886,0.3405159548910089,True,16,8,15.01457581068886,0.1809800932738524,0.9999086554907728,0.2325922935247903,0.1814538368993545,0.2190687273121971,0.1315894233062939,0.830304495624742,24.16582392879148,0.025423085618903545,0.0006355771404725887
40,5.184615384615385,1.0,0.0017346032184886,0.3597300213111912,True,17,9,15.761568243344398,0.1955876058682705,0.9999138271883348,0.2529259005967953,0.1965250044713887,0.2370695397155121,0.1390145318314139,0.8183856513476185,22.875067754553363,0.025266250587337225,0.0006316562646834306
40,5.461538461538462,1.0,0.0017346032184886,0.3789440877313735,True,18,9,16.602081359819852,0.2117853105251337,0.9999132811616088,0.274639783174788,0.2124957461060779,0.2561105796511094,0.1464396403565339,0.8060688922059092,21.715205164181647,0.025195626400577573,0.0006298906600144393
40,5.7384615384615385,1.0,0.0017346032184886,0.398158154151556,True,19,9,17.49235958109618,0.2285671263529338,0.9999009776250712,0.2979200718898704,0.2294808882215688,0.2763220461137593,0.153864748881654,0.793312399347241,20.667286416312287,0.025067254921383605,0.0006266813730345901
40,6.015384615384616,1.0,0.0017346032184886,0.4173722205717383,True,20,10,18.45030577868545,0.2461617882184499,0.999902877827646,0.3229928929480142,0.2476191709716668,0.2978609015545429,0.161289857406774,0.7800664577346857,19.71585123602169,0.02490120968320471,0.0006225302420801177
40,6.292307692307693,1.0,0.0017346032184886,0.4365862869919206,True,21,10,19.54780755662313,0.2657265707262191,0.9998976561018332,0.3501367726278461,0.2670805181866225,0.3209189320966698,0.1687149659318941,0.7662711950556557,18.84816096157575,0.024796479851857484,0.0006199119962964371
40,6.56923076923077,1.0,0.0017346032184886,0.4558003534121029,True,22,11,20.735007734774403,0.2861018846388941,0.9998955223793552,0.3797003007312302,0.2880763471921758,0.3457341542352434,0.176140074457014,0.7518534127773501,18.053624902305582,0.02461912146541263,0.0006154780366353157
40,6.846153846153847,1.0,0.0017346032184886,0.4750144198322852,True,23,12,22.118599873586597,0.3088434177468593,0.9998846914996706,0.4121280051713115,0.31087460785954,0.372607417453096,0.183565182982134,0.7367220194909397,17.32336591749322,0.02448493730850197,0.0006121234327125492
40,7.123076923076924,1.0,0.0017346032184886,0.4942284862524675,True,25,12,23.693914886105883,0.3334012640801489,0.9998853362125768,0.4479995447593705,0.3358224638806863,0.401927385791754,0.1909902915072541,0.7207612297657727,16.64988732890817,0.024315457367248428,0.0006078864341812107
40,7.4,1.0,0.0017346032184886,0.5134425526726498,True,27,13,25.515914419986157,0.3600892068035189,0.999871315672653,0.488091510162335,0.3633818975182122,0.4342096579007614,0.1984154000323742,0.7038200260438318,16.026814622213063,0.02410469407816805,0.0006026173519542013
40,7.676923076923077,1.0,0.0017346032184886,0.5326566190928321,True,29,14,27.733632038423213,0.3902415575987186,0.99985880233654,0.5334797944768687,0.3941884137662706,0.4701611002332073,0.2058405085574942,0.685695017365738,15.448693052674315,0.023900573096138873,0.0005975143274034718
40,7.953846153846155,1.0,0.0017346032184886,0.5518706855130145,True,31,15,30.509187945130783,0.4246512745151876,0.999844027969178,0.5857199953303935,0.4291539926379027,0.5107923601473487,0.2132656170826142,0.6661007994037423,14.910827530530916,0.0236883687602288,0.00059220921900572
40,8.23076923076923,1.0,0.0017346032184886,0.5710847519331967,True,35,17,34.05582414786449,0.4638273999928125,0.9998175088294216,0.6471919609905388,0.4696627247840743,0.557631037353927,0.2206907256077343,0.6446144585318677,14.40915482856913,0.02341618064652286,0.0005854045161630716
40,8.507692307692308,1.0,0.0017346032184886,0.5902988183533792,True,39,19,38.972078260669925,0.5106186832993115,0.999766613123317,0.721833959777683,0.5179854660589679,0.6131720603554888,0.2281158341328543,0.6205597721346273,13.94014074734988,0.02311277889293272,0.0005778194723233181
40,8.784615384615384,1.0,0.0017346032184886,0.6095128847735614,True,46,22,46.47075562651291,0.5687448284573743,0.999672286314644,0.8169777456589009,0.5783104017410395,0.6819930960034194,0.2355409426579744,0.5927241864969849,13.500696730795944,0.022745736704559136,0.0005686434176139784
40,9.06153846153846,1.0,0.0017346032184886,0.6287269511937438,True,59,27,60.33422946512953,0.6471761004973959,0.9994878267181334,0.949308388658196,0.6600692126160631,0.774340188651624,0.2429660511830943,0.5584620890225088,13.08811177128096,0.02227449803556666,0.0005568624508891665
40,9.33846153846154,1.0,0.0017346032184886,0.6479410176139261,True,98,43,104.31968368560914,0.777295255696343,0.998741523545256,1.1790922557100976,0.7968945716814512,0.9264610470188104,0.2503911597082144,0.5086981526853716,12.699996430452195,0.021539271153717916,0.0005384817788429479
120,0.2,1.0,0.0001531013985555,0.0036744335653325,True,6,3,4.307972552999169,0.0054091858679883,0.9998456084548656,0.0066131774668016,0.0053991047807793,0.0066006981161711,0.005343751884823,0.9941346208494592,2090.1884785487614,0.02672959053207821,0.00022274658776731842
120,0.4769230769230769,1.0,0.0001531013985555,0.0087621108096392,True,7,4,5.356978055357407,0.0127838792410791,0.9998917671890656,0.0160342412025817,0.0130636005278005,0.015961258635472,0.0127427929561165,0.985905414289406,876.530652294642,0.026054624929074028,0.00021712187440895025
120,0.7538461538461538,1.0,0.0001531013985555,0.0138497880539458,True,8,4,6.161541181000636,0.0209747395949966,0.9998969637178536,0.0257797819980314,0.0209591350486302,0.0255921220426263,0.0201418340274101,0.977545612169403,554.5398004313041,0.026588137475552873,0.00022156781229627393
120,1.0307692307692309,1.0,0.0001531013985555,0.0189374652982524,True,8,4,6.802088872498906,0.0288293441163997,0.999919099419021,0.0358707602100928,0.0290997819454171,0.0355094153726729,0.0275408750987036,0.9690489646157224,405.5589585243866,0.026264235249830202,0.00021886862708191834
120,1.3076923076923077,1.0,0.0001531013985555,0.0240251425425591,True,9,5,7.397723499120585,0.0371482226336915,0.9999056602288732,0.0463301783278638,0.0375009363805323,0.0457307610567915,0.0349399161699971,0.9604087051480314,319.67588495451645,0.0262026156374566,0.00021835513031213832
120,1.5846153846153843,1.0,0.0001531013985555,0.0291128197868657,True,9,5,7.983742823037597,0.0461870024900084,0.9999151835385672,0.0571833529621105,0.0461794866593821,0.0562754693679042,0.0423389572412905,0.9516174887937536,263.8101963216884,0.026394943664546238,0.00021995786387121865
120,1.8615384615384616,1.0,0.0001531013985555,0.0342004970311723,True,10,5,8.52786892567528,0.0551552953338408,0.9999037631688852,0.0684582336014824,0.055154014766,0.067164763123428,0.0497379983125841,0.9426673203268588,224.56570430689172,0.026328862947115752,0.0002194071912259646
120,2.138461538461539,1.0,0.0001531013985555,0.039288174275479,True,11,6,9.043514168350308,0.0640819876013056,0.9999200329624102,0.0801857781376551,0.0644450319546997,0.0784220414092073,0.0571370393838776,0.9335494706348396,195.4852533894525,0.02611615298760018,0.0002176346082300015
120,2.415384615384616,1.0,0.0001531013985555,0.0443758515197856,True,11,6,9.571901122588864,0.0736436815563933,0.9999105851943104,0.0924003977552413,0.0740752570655997,0.090073190815118,0.0645360804551711,0.9242543787188304,173.0729313448019,0.026045471816504667,0.00021704559847087222
120,2.6923076923076925,1.0,0.0001531013985555,0.0494635287640922,True,12,6,10.125005658137466,0.0840267550014477,0.9999181932754896,0.1051404871752742,0.0840699472739908,0.1021469549244435,0.0719351215264646,0.9147715361908876,155.27114412076514,0.026116693088282062,0.00021763910906901719
120,2.9692307692307693,1.0,0.0001531013985555,0.0545512060083989,True,12,6,10.664709242867357,0.0943870734738008,0.9999089662459194,0.1184490607238774,0.0944572936756368,0.1146753757648251,0.0793341625977581,0.9050893502877688,140.7898975188285,0.026040629466630254,0.00021700524555525212
120,3.2461538461538466,1.0,0.0001531013985555,0.0596388832527055,True,13,7,11.198544709252738,0.1048019459562792,0.9999204601988642,0.1323745206812916,0.1052688976953412,0.1276943248747151,0.0867332036690517,0.8951949803033982,128.77938493428388,0.025872328961755457,0.00021560274134796214
120,3.5230769230769234,1.0,0.0001531013985555,0.0647265604970121,True,13,7,11.763209101036283,0.1159896312590874,0.999911809883728,0.1469715924414129,0.1165403491332332,0.1412441469474715,0.0941322447403451,0.8850741408504706,118.65698786521354,0.025790297175759463,0.00021491914313132886
120,3.8,1.0,0.0001531013985555,0.0698142377413188,True,14,7,12.369377278037094,0.1281318490062758,0.9999167778341618,0.1623024720440115,0.1283119332426919,0.1553704462438622,0.1015312858116386,0.8747108633346967,110.00991992361902,0.02579898007369934,0.00021499150061416117
120,4.0769230769230775,1.0,0.0001531013985555,0.0749019149856254,True,14,7,12.979819538568568,0.1403831975044191,0.9999074061122882,0.1784382469071613,0.1406295033160502,0.1701250559325969,0.1089303268829322,0.8640872042534004,102.53754800427886,0.02570974450357631,0.0002142478708631359
120,4.353846153846154,1.0,0.0001531013985555,0.079989592229932,True,15,8,13.602685472539044,0.152863837018744,0.9999157985390206,0.195460672020066,0.1535455679750088,0.1855672444678422,0.1163293679542256,0.8531828850616034,96.01572516301732,0.025557357467443108,0.00021297797889535924
120,4.630769230769231,1.0,0.0001531013985555,0.0850772694742387,True,16,8,14.27536327375926,0.1663059612332562,0.9999060676235896,0.2134644144097328,0.1671206604513644,0.2017652329285592,0.1237284090255192,0.8419748428976559,90.27392100044484,0.025459678133542135,0.00021216398444618445
120,4.907692307692308,1.0,0.0001531013985555,0.0901649467185453,True,16,8,15.01247599542685,0.1809347230115945,0.9999079914926808,0.2325599230148207,0.1814250833169444,0.2187981258882184,0.1311274500968127,0.8304366636083144,85.18009473709688,0.025424804570130077,0.00021187337141775065
120,5.184615384615385,1.0,0.0001531013985555,0.0952526239628519,True,17,9,15.76179522539172,0.195590039354898,0.9999132236943268,0.2528771465987998,0.1965411607020426,0.2367584005612813,0.1385264911681062,0.818537857031684,80.63041608645075,0.025275964116922834,0.0002106330343076903
120,5.461538461538462,1.0,0.0001531013985555,0.1003403012071586,True,18,9,16.605217791236544,0.2118451921010833,0.9999124799130626,0.2745704211936004,0.2125661881191307,0.2557551623981061,0.1459255322393997,0.8062429173229563,76.54211329896874,0.02521363377806236,0.00021011361481718634
120,5.7384615384615385,1.0,0.0001531013985555,0.1054279784514652,True,19,9,17.4989758332598,0.2286924432307552,0.9998998884909632,0.2978250013088522,0.2296163595015797,0.2759184729262987,0.1533245733106931,0.7935100848242121,72.84839201376381,0.025093500009832927,0.00020911250008194107
120,6.015384615384616,1.0,0.0001531013985555,0.1105156556957718,True,20,10,18.46154319903916,0.2463696038332498,0.9999017529475352,0.3228659514212795,0.2478320926287896,0.2974052098889552,0.1607236143819867,0.7802896847097821,69.49475759880792,0.02493649760887694,0.00020780414674064117
120,6.292307692307693,1.0,0.0001531013985555,0.1156033329400785,True,21,10,19.564956941108715,0.2660330857487956,0.9998961715772672,0.3499705102142855,0.2673854048130314,0.3204071708236677,0.1681226554532802,0.7665218508542306,66.43630860912934,0.024841326313016165,0.00020701105260846804
120,6.56923076923077,1.0,0.0001531013985555,0.1206910101843851,True,22,11,20.759693241911567,0.2865255594115921,0.9998938495501256,0.3794857095921534,0.2884903797170569,0.3451625540894418,0.1755216965245737,0.7521333315975726,63.63571480359226,0.024673940970358528,0.00020561617475298773
120,6.846153846153847,1.0,0.0001531013985555,0.1257786874286918,True,23,12,22.15318873313328,0.3094080985268386,0.9998824357207884,0.4118542082521396,0.3114184483989544,0.3719726920541432,0.1829207375958672,0.7370328795277161,61.061685890188535,0.024550409889323405,0.00020458674907769504
120,7.123076923076924,1.0,0.0001531013985555,0.1308663646729984,True,25,12,23.74187431648089,0.334139431584497,0.9998827623272624,0.4476534691857057,0.3365214606214766,0.4012272697380159,0.1903197786671608,0.7211043728402137,58.68779745385292,0.024392502234385476,0.0002032708519532123
120,7.4,1.0,0.0001531013985555,0.135954041917305,True,27,13,25.60723092073841,0.3614007634679994,0.9998772245861336,0.4876576324826245,0.3642679530571397,0.4334438942044197,0.1977188197384543,0.7041961334610228,56.49158050131789,0.024218353736118817,0.0002018196144676568
120,7.676923076923077,1.0,0.0001531013985555,0.1410417191616116,True,29,14,27.824687521601174,0.391442705938152,0.9998545092032084,0.5329402148179996,0.3953030593278538,0.4693333281455483,0.2051178608097477,0.6861035041268935,54.453808058384574,0.024002710702502848,0.00020002258918752372
120,7.953846153846155,1.0,0.0001531013985555,0.1461293964059183,True,31,15,30.638054791521437,0.4261814640413087,0.9998384468371564,0.5850555913233847,0.4305538446865564,0.5099139433110282,0.2125169018810412,0.6665386159441594,52.55793079522997,0.02380498988182897,0.0001983749156819081
120,8.23076923076923,1.0,0.0001531013985555,0.1512170736502249,True,35,17,34.24337883671954,0.4657808763072146,0.9998098007420848,0.6463869400142573,0.4714301870508179,0.5567295014141775,0.2199159429523347,0.6450735210582553,50.7896265815587,0.023548305366847933,0.0001962358780570661
120,8.507692307692308,1.0,0.0001531013985555,0.1563047508945315,True,40,19,39.26163533347857,0.5131539056502109,0.9997547038566966,0.7208918424991042,0.5202528159301899,0.6123120791241059,0.2273149840236283,0.6210207637369899,49.13643801290036,0.02326205648882306,0.00019385047074019218
120,8.784615384615384,1.0,0.0001531013985555,0.1613924281388382,True,47,22,47.00630521689613,0.5724112571728867,0.9996670071714028,0.8159826702932249,0.5813262659881053,0.681339386198514,0.2347140250949217,0.5931386130775388,47.587478495856224,0.02292439110492074,0.00019103659254100618
120,9.06153846153846,1.0,0.0001531013985555,0.1664801053831448,True,60,27,61.46227668509762,0.6523635428896413,0.9994616609633342,0.948735666165764,0.6644578699017207,0.7744189990665291,0.2421130661662153,0.5586806690478224,46.13319222603379,0.022470618870824553,0.00018725515725687128
120,9.33846153846154,1.0,0.0001531013985555,0.1715677826274514,True,103,44,110.05108047293734,0.7875598626066087,0.9986174259022194,1.183332360990959,0.8059988275347953,0.930628033205674,0.2495121072375087,0.507831441209584,44.765156871719775,0.021749406557319162,0.00018124505464432635
350,0.2,1.0,1.547823266854434e-05,0.0010834762867981,True,6,3,4.297795010220312,0.0053423258241146,0.9998468299036656,0.0066153860765769,0.0053310471459415,0.0066022257800263,0.0052768085631546,0.99413304731388,6598.369592122655,0.02639911683669436,7.542604810484103e-05
350,0.4769230769230769,1.0,1.547823266854434e-05,0.0025836742223647,True,7,4,5.3415743823115225,0.012623388210061,0.999892519782357,0.0160396274134797,0.0128974939108379,0.0159626767613971,0.0125831588813687,0.9859028937097314,2767.058216051436,0.02572739911089098,7.350685460254566e-05
350,0.7538461538461538,1.0,1.547823266854434e-05,0.0040838721579313,True,8,4,6.141293821796123,0.0207080890287789,0.9998978789250412,0.025788411766353,0.020690281879357,0.0255905879874644,0.0198895091995828,0.977543684545808,1750.5878509713166,0.02625002060431401,7.50000588694686e-05
350,1.0307692307692309,1.0,1.547823266854434e-05,0.0055840700934979,True,8,4,6.777443064019728,0.0284585603420061,0.9999197750058224,0.0358826013085578,0.0287231622556941,0.0355017668872633,0.0271958595177969,0.9690493036100324,1280.2806671282765,0.025926460332195318,7.407560094912949e-05
350,1.3076923076923077,1.0,1.547823266854434e-05,0.0070842680290645,True,9,5,7.368587373962262,0.03666604288175,0.9999065089981976,0.0463450771353817,0.0370111731694842,0.0457134740605578,0.0345022098360111,0.9604131338173232,1009.1624082069944,0.025862747150046786,7.389356328584796e-05
350,1.5846153846153843,1.0,1.547823266854434e-05,0.0085844659646311,True,9,5,7.949693387164804,0.0455807864034053,0.9999160668028236,0.0572010060860653,0.0455708059771831,0.0562446087365192,0.0418085601542252,0.9516279977512172,832.8039291028593,0.026049078678543804,7.442593908155372e-05
350,1.8615384615384616,1.0,1.547823266854434e-05,0.0100846639001977,True,10,5,8.488894918700145,0.0544242973984708,0.999904833795004,0.0684781530601257,0.0544201994604379,0.0671159250587696,0.0491149104724393,0.9426860888027774,708.9157413024341,0.025980949213792272,7.423128346797792e-05
350,2.138461538461539,1.0,1.547823266854434e-05,0.0115848618357643,True,11,5,8.99941897731156,0.0632227561045609,0.9999209032765,0.0802072484719792,0.0635793677621026,0.0783502856054526,0.0564212607906534,0.9335788910233656,617.1137028603921,0.02576760340504844,7.362172401442412e-05
350,2.415384615384616,1.0,1.547823266854434e-05,0.0130850597713309,True,11,6,9.522230808210194,0.0726459258219301,0.9999116270378458,0.0924224229654002,0.0730704693863737,0.0899729601742514,0.0637276111088675,0.9242970853417738,546.3618133604746,0.025694971140543223,7.341420325869492e-05
350,2.6923076923076925,1.0,1.547823266854434e-05,0.0145852577068975,True,12,6,10.069012867861934,0.0828747608621968,0.9999192619276552,0.1051617247431632,0.0829181265252113,0.1020119799721658,0.0710339614270816,0.9148304391983456,490.1645982719687,0.025761954517611922,7.360558433603407e-05
350,2.9692307692307693,1.0,1.547823266854434e-05,0.0160854556424641,True,12,6,10.602138671162669,0.0930785055474095,0.9999102378453272,0.1184677391292705,0.0931498065196181,0.1144985601224783,0.0783403117452958,0.9051676758628384,444.4497652725104,0.02568405093907353,7.338300268306723e-05
350,3.2461538461538466,1.0,1.547823266854434e-05,0.0175856535780307,True,13,7,11.128923652446904,0.1033304198004065,0.999921582008968,0.1323883356551602,0.103796280647804,0.1274676070813784,0.0856466620635099,0.895296318666055,406.5346194198791,0.02551483079651925,7.289951656148356e-05
350,3.5230769230769234,1.0,1.547823266854434e-05,0.0190858515135973,True,13,7,11.685709393879325,0.1143410825541755,0.9999131442072104,0.1469775755968935,0.1148921799765121,0.1409583324938043,0.092953012381724,0.8852025039944457,374.5799331772685,0.025431117327138493,7.26603352203957e-05
350,3.8,1.0,1.547823266854434e-05,0.0205860494491639,True,14,7,12.282789454227808,0.1262859447651249,0.9999181784083186,0.1622968232900282,0.1264766741888617,0.1550150017216887,0.100259362699938,0.8748707550266205,347.28261011171867,0.025436609310280526,7.26760266008015e-05
350,4.0769230769230775,1.0,1.547823266854434e-05,0.0220862473847305,True,14,7,12.883477211447104,0.1383336528879768,0.9999090873862052,0.1784161188917256,0.1385943078038603,0.1696878544936716,0.1075657130181523,0.8642837056407321,323.6936026324321,0.02534591526107305,7.241690074592299e-05
350,4.353846153846154,1.0,1.547823266854434e-05,0.0235864453202971,True,15,8,13.495590377368062,0.1505987414208759,0.9999173784599455,0.1954158903239214,0.1512960400717271,0.1850342479764514,0.1148720633363663,0.8534217603759728,303.1053169526308,0.02519275643833664,7.197930410953326e-05
350,4.630769230769231,1.0,1.547823266854434e-05,0.0250866432558637,True,16,8,14.15597248945936,0.1638049726380524,0.9999079807881148,0.2133891106213766,0.1646405516467267,0.2011200907553723,0.1221784136545805,0.8422626713531544,284.97941759998173,0.025093951218012837,7.169700348003668e-05
350,4.907692307692308,1.0,1.547823266854434e-05,0.0265868411914303,True,16,8,14.878588691227124,0.1781686153389887,0.9999100814038442,0.2324440480551724,0.1786959053766072,0.2180216623922087,0.1294847639727946,0.8307810059197225,268.8990742871301,0.02505688016049768,7.159108617285051e-05
350,5.184615384615385,1.0,1.547823266854434e-05,0.028087039126997,True,17,9,15.611980263334122,0.1925473023463082,0.9999153043915074,0.2527078169206321,0.1935416841179546,0.235827951602414,0.1367911142910086,0.8189474683920122,254.53651245577004,0.02490766314304964,7.116475183728469e-05
350,5.461538461538462,1.0,1.547823266854434e-05,0.0295872370625636,True,18,9,16.41499104903404,0.208065281222699,0.9999043487253536,0.2743310277344205,0.2092717817696247,0.254643703505545,0.1440974646092228,0.8067280238032065,241.6304357678719,0.0247935610718406,7.083874591954457e-05
350,5.7384615384615385,1.0,1.547823266854434e-05,0.0310874349981302,True,19,9,17.308094040108163,0.2249972984713324,0.9999028629492328,0.2974939751290765,0.2259981053669524,0.2745934542676108,0.1514038149274369,0.7940827480344509,229.9699857844357,0.02472369344405107,7.063912412586021e-05
350,6.015384615384616,1.0,1.547823266854434e-05,0.0325876329336968,True,20,10,18.244952785441047,0.2423019417779301,0.9999049063724986,0.3224150215958307,0.2438555744280592,0.2958269693909983,0.158710165245651,0.7809642919966716,219.38313221891173,0.024567210553858167,7.019203015388047e-05
350,6.292307692307693,1.0,1.547823266854434e-05,0.0340878308692634,True,21,10,19.31648695053187,0.2615359350107763,0.999899959378796,0.3493621918223776,0.2630090114190258,0.3185267248002142,0.1660165155638652,0.7673157885630809,209.7281288449744,0.024472012563594856,6.99200358959853e-05
350,6.56923076923077,1.0,1.547823266854434e-05,0.03558802880483,True,22,11,20.473308020595503,0.2815550365049373,0.999898129796088,0.3786695901401093,0.2836628644882463,0.3429184420931525,0.1733228658820793,0.7530679330936481,200.88713043933137,0.024306201398690667,6.944628971054476e-05
350,6.846153846153847,1.0,1.547823266854434e-05,0.0370882267403966,True,23,11,21.81834144247405,0.3038830818880872,0.9998879006266912,0.410761294528113,0.3060753068597364,0.3692863349804922,0.1806292162002934,0.7381347997203486,192.7613588709989,0.02418417236970199,6.90976353420057e-05
350,7.123076923076924,1.0,1.547823266854434e-05,0.0385884246759632,True,25,12,23.34534332521068,0.3279710753247351,0.9998889771432776,0.4461872755991911,0.3305793526341939,0.3979958946256375,0.1879355665185074,0.7224076516967775,185.26739675506371,0.024028827744262553,6.865379355503587e-05
350,7.4,1.0,1.547823266854434e-05,0.0400886226115298,True,26,13,25.105151608182418,0.3541145771423782,0.9998760467211044,0.4856795249480649,0.3576157248969411,0.42952927859639,0.1952419168367216,0.7057454273102037,178.33431330061228,0.0238346199305903,6.809891408740086e-05
350,7.676923076923077,1.0,1.547823266854434e-05,0.0415888205470964,True,28,14,27.237424538799168,0.3836019029255788,0.9998649988152476,0.530244009878091,0.3877864853044805,0.4645429216018079,0.2025482671549358,0.6879594166727646,171.90141221962827,0.023649349694016754,6.756957055433359e-05
350,7.953846153846155,1.0,1.547823266854434e-05,0.043089018482663,True,31,15,29.862323458959164,0.4168386678745627,0.9998428710397936,0.5813204981106749,0.4219478518015925,0.5039670053199677,0.2098546174731499,0.6687870965608932,165.91645009205902,0.0234404844720903,6.697281277740085e-05
350,8.23076923076923,1.0,1.547823266854434e-05,0.0445892164182296,True,34,16,33.25631418533523,0.4553328966346976,0.9998122396262416,0.641082374451093,0.4613835405527187,0.549190757635213,0.2171609677913641,0.647843946271093,160.33421438802714,0.023218246225753938,6.633784635929696e-05
350,8.507692307692308,1.0,1.547823266854434e-05,0.0460894143537962,True,38,18,37.8513456787728,0.5005509412535726,0.99976827482436,0.7130599864175214,0.5081634570892528,0.6024448693938639,0.224467318109578,0.6245251964393695,155.1153791999901,0.022947555929190212,6.556444551197204e-05
350,8.784615384615384,1.0,1.547823266854434e-05,0.0475896122893628,True,45,21,44.70804747814513,0.5562242459482966,0.999692409947796,0.8036428368607818,0.5660037153045907,0.6677157929579736,0.2317736684277921,0.5977738978355553,150.2255774038433,0.02262564971011657,6.464471345747592e-05
350,9.06153846153846,1.0,1.547823266854434e-05,0.0490898102249294,True,56,25,56.7789121280774,0.6297753230036464,0.9995240964821388,0.9266612280212064,0.6428749854496201,0.7535100476877817,0.2390800187460063,0.5653892978185534,145.6346429500756,0.022216665091108274,6.347618597459507e-05
350,9.33846153846154,1.0,1.547823266854434e-05,0.050590008160496,True,85,37,89.11024219162309,0.7445755838678693,0.9989861449208808,1.1258000439233975,0.7636774394309759,0.8862371208890311,0.2463863690642203,0.5207318566497379,141.31598796967793,0.02162030173252008,6.177229066434309e-05
