n,pv_share,lam,q_init_mode,conv,k_out,k_in,eps_med,q_max,t_ms
40,0.1,0.2,cold_q0,True,3,8,0.0012678805475196725,0.0862708704362639,0.33629999961704016
40,0.1,0.2,continuation,True,3,8,0.0012678805475196725,0.0862708704362639,0.29609992634505033
40,0.1,0.47692307692307695,cold_q0,True,3,8,0.001297974271038217,0.08606994099108974,0.28879998717457056
40,0.1,0.47692307692307695,continuation,True,2,5,7.869776707270892e-05,0.08607574933687856,0.1721999142318964
40,0.1,0.7538461538461538,cold_q0,True,3,9,0.001329399689558753,0.08586878581280365,0.3019999712705612
40,0.1,0.7538461538461538,continuation,True,2,7,8.078437825606417e-05,0.08587445759950266,0.1954999752342701
40,0.1,1.0307692307692309,cold_q0,True,3,10,0.0013662672925197547,0.08566744352338672,0.5541000282391906
40,0.1,1.0307692307692309,continuation,True,3,9,4.130718194744621e-05,0.08567096351159637,0.3203999949619174
40,0.1,1.3076923076923077,cold_q0,True,3,10,0.0014043568993736847,0.0854658326360552,0.30960002914071083
40,0.1,1.3076923076923077,continuation,True,3,9,4.2680088298582135e-05,0.08546915410376882,0.2929000183939934
40,0.1,1.5846153846153845,cold_q0,True,3,11,0.0014421532999670083,0.08526399093527137,0.3133000573143363
40,0.1,1.5846153846153845,continuation,True,3,10,4.398550110924888e-05,0.08526711731977718,0.30509999487549067
40,0.1,1.8615384615384616,cold_q0,True,3,11,0.0014806690788084795,0.08506191635513538,0.32410002313554287
40,0.1,1.8615384615384616,continuation,True,3,10,4.539040801541491e-05,0.08506485105957698,0.46119990292936563
40,0.1,2.138461538461539,cold_q0,True,3,11,0.0015207370839306776,0.08485960680279318,0.45689998660236597
40,0.1,2.138461538461539,continuation,True,3,10,4.690317651878247e-05,0.08486235335942025,0.4450000124052167
40,0.1,2.4153846153846157,cold_q0,True,3,11,0.0015624772000015236,0.08465706015728672,0.2744999947026372
40,0.1,2.4153846153846157,continuation,True,3,11,4.8539592087195486e-05,0.084659622103543,0.256399973295629
40,0.1,2.6923076923076925,cold_q0,True,3,12,0.0016060014153323773,0.0844542742692377,0.26430003345012665
40,0.1,2.6923076923076925,continuation,True,3,12,5.022167590598793e-05,0.08445665552259457,0.26109989266842604
40,0.1,2.9692307692307693,cold_q0,True,3,12,0.00165148637644283,0.0842512469601413,0.2597999991849065
40,0.1,2.9692307692307693,continuation,True,3,12,5.206860891638752e-05,0.08425345145584022,0.2582001034170389
40,0.1,3.2461538461538466,cold_q0,True,3,12,0.0016990911865930108,0.0840479760220948,0.28469995595514774
40,0.1,3.2461538461538466,continuation,True,3,12,5.4083348197094486e-05,0.08405000783384811,0.35880005452781916
40,0.1,3.5230769230769234,cold_q0,True,3,14,0.0017489581473878043,0.08384445789333357,0.3600000636652112
40,0.1,3.5230769230769234,continuation,True,3,13,5.6255200470981974e-05,0.08384632255898042,0.3122000489383936
40,0.1,3.8000000000000003,cold_q0,True,4,16,4.1309132667807845e-05,0.08364239072713558,0.39790000300854445
40,0.1,3.8000000000000003,continuation,True,3,13,5.865751861524908e-05,0.08364239350491356,0.28190005104988813
40,0.1,4.0769230769230775,cold_q0,True,4,16,4.0915394061578606e-05,0.08343821825238854,0.40470005478709936
40,0.1,4.0769230769230775,continuation,True,3,14,6.130830665823329e-05,0.08343821851614312,0.29369990807026625
40,0.1,4.353846153846154,cold_q0,True,4,17,3.915417177683135e-05,0.0832337749238384,0.3599999472498894
40,0.1,4.353846153846154,continuation,True,4,16,6.157078899854616e-06,0.08323378502133172,0.36369997542351484
40,0.1,4.630769230769231,cold_q0,True,4,19,3.751811220351007e-05,0.08302910351745826,0.38970005698502064
40,0.1,4.630769230769231,continuation,True,4,17,7.0601808687826096e-06,0.08302911212187529,0.38079998921602964
40,0.1,4.907692307692308,cold_q0,True,4,19,3.429227286344174e-05,0.08282417924938557,0.38700003642588854
40,0.1,4.907692307692308,continuation,True,4,17,8.178018620323604e-06,0.082824186633325,0.4781000316143036
40,0.1,5.184615384615385,cold_q0,True,5,22,1.650403627340722e-05,0.08261900617666686,0.5416999338194728
40,0.1,5.184615384615385,continuation,True,4,18,9.494110997955913e-06,0.08261900627605986,0.435599940828979
40,0.1,5.461538461538462,cold_q0,True,5,22,1.3750179065723873e-05,0.0824135686565745,0.8165000472217798
40,0.1,5.461538461538462,continuation,True,4,20,1.1216806284090538e-05,0.08241356874267182,0.6111999973654747
40,0.1,5.7384615384615385,cold_q0,True,5,25,1.4677599757858275e-05,0.08220787161484437,0.5422999383881688
40,0.1,5.7384615384615385,continuation,True,4,20,1.3136674287756504e-05,0.08220787168865415,0.47119997907429934
40,0.1,6.015384615384616,cold_q0,True,5,26,2.7437822573559833e-05,0.08200191267473488,0.5662000039592385
40,0.1,6.015384615384616,continuation,True,4,21,1.5529476297494026e-05,0.08200191273789839,0.568700022995472
40,0.1,6.292307692307693,cold_q0,True,5,29,4.4385965695119766e-05,0.08179568942670698,0.5372000159695745
40,0.1,6.292307692307693,continuation,True,4,23,1.8266173639589155e-05,0.08179568948029904,0.4323000321164727
40,0.1,6.56923076923077,cold_q0,True,6,32,2.569642380037964e-05,0.08158919943636479,0.5806999979540706
40,0.1,6.56923076923077,continuation,True,5,25,1.2101321864699513e-05,0.08158919943661515,0.4895000020042062
40,0.1,6.846153846153847,cold_q0,True,6,36,3.758199580883753e-05,0.08138244019982382,0.6121000042185187
40,0.1,6.846153846153847,continuation,True,5,28,1.4853642372755062e-05,0.08138244020002564,0.4988000728189945
40,0.1,7.1230769230769235,cold_q0,True,6,39,5.522679195336466e-05,0.08117540921589368,0.6571999983862042
40,0.1,7.1230769230769235,continuation,True,5,29,1.845526361230422e-05,0.0811754092160498,0.5306999664753675
40,0.1,7.4,cold_q0,True,7,45,4.920540078361316e-05,0.0809681039322014,0.9014999959617853
40,0.1,7.4,continuation,True,5,31,2.3551434359537123e-05,0.08096810393231657,0.9874999523162842
40,0.1,7.676923076923077,cold_q0,True,7,52,7.75881424855642e-05,0.08076052175901073,0.9707999415695667
40,0.1,7.676923076923077,continuation,True,6,37,1.0910563625350568e-05,0.08076052175900976,0.8111000061035156
40,0.1,7.953846153846155,cold_q0,True,8,59,5.544356026881171e-05,0.08055266006858047,1.1186000192537904
40,0.1,7.953846153846155,continuation,True,6,40,1.6465619789839845e-05,0.0805526600685814,0.7732000667601824
40,0.1,8.23076923076923,cold_q0,True,9,73,7.386233343103471e-05,0.08034451619433909,1.2750000460073352
40,0.1,8.23076923076923,continuation,True,7,49,1.79273407901432e-05,0.08034451619434002,0.8580000139772892
40,0.1,8.507692307692308,cold_q0,True,11,94,7.038013127652951e-05,0.08013608743012027,1.5759000089019537
40,0.1,8.507692307692308,continuation,True,8,60,1.9288643918864144e-05,0.08013608743011928,1.1881999671459198
40,0.1,8.784615384615384,cold_q0,True,14,135,8.350612157211739e-05,0.0799273710293822,3.2558999955654144
40,0.1,8.784615384615384,continuation,True,10,84,2.4627660251652254e-05,0.07992737102938217,1.409200020134449
40,0.1,9.061538461538461,cold_q0,True,22,248,0.00012324120497905538,0.07971836420440613,3.840200020931661
40,0.1,9.061538461538461,continuation,True,15,143,3.805865817908982e-05,0.07971836420440513,2.1967000793665648
40,0.1,9.338461538461539,cold_q0,False,60,1383,0.0066011751792210025,0.07950906412543368,18.642299924977124
40,0.1,9.338461538461539,continuation,False,60,987,0.0005101616791651765,0.07950906412543267,13.775500003248453
40,0.25,0.2,cold_q0,True,3,8,3.61416659813293e-05,0.08627099400344652,0.5605999613180757
40,0.25,0.2,continuation,True,3,8,3.61416659813293e-05,0.08627099400344652,0.3173999721184373
40,0.25,0.47692307692307695,cold_q0,True,3,8,9.234313257200266e-05,0.0860920331327185,0.29610004276037216
40,0.25,0.47692307692307695,continuation,True,3,8,3.349838386184594e-05,0.0860960325198718,0.3106999211013317
40,0.25,0.7538461538461538,cold_q0,True,3,9,0.00015050019255881205,0.08591294705204994,0.2677000593394041
40,0.25,0.7538461538461538,continuation,True,3,9,3.3927041429764264e-05,0.08591675055498695,0.25859999004751444
40,0.25,1.0307692307692309,cold_q0,True,3,10,0.00021019744332980849,0.0857337735998575,0.25379995349794626
40,0.25,1.0307692307692309,continuation,True,3,9,3.4390527760654624e-05,0.08573734987815405,0.25320006534457207
40,0.25,1.3076923076923077,cold_q0,True,3,10,0.0002729075680758196,0.08555443590351035,0.2538999542593956
40,0.25,1.3076923076923077,continuation,True,3,9,3.481539215887954e-05,0.0855578304710763,0.24289998691529036
40,0.25,1.5846153846153845,cold_q0,True,3,11,0.00033781145583963235,0.08537497209410581,0.24770002346485853
40,0.25,1.5846153846153845,continuation,True,3,10,3.530875674675854e-05,0.08537819152508073,0.2514999359846115
40,0.25,1.8615384615384616,cold_q0,True,3,11,0.000405069129060106,0.0851953816533334,0.2400000812485814
40,0.25,1.8615384615384616,continuation,True,3,11,3.5901264004052297e-05,0.08519843192216241,0.2463000128045678
40,0.25,2.138461538461539,cold_q0,True,3,11,0.0004745143325137475,0.0850156640691503,0.3714000340551138
40,0.25,2.138461538461539,continuation,True,3,11,3.654721577075665e-05,0.08501855140242892,0.2487000310793519
40,0.25,2.4153846153846157,cold_q0,True,4,14,6.606635892536383e-06,0.08483850331976227,0.34849997609853745
40,0.25,2.4153846153846157,continuation,True,3,11,3.7776497132891316e-05,0.08483854886056029,0.26560004334896803
40,0.25,2.6923076923076925,cold_q0,True,4,15,6.677752174911894e-06,0.08465838206737285,0.35530002787709236
40,0.25,2.6923076923076925,continuation,True,3,12,3.907851174186015e-05,0.08465842345309836,0.2886999864131212
40,0.25,2.9692307692307693,cold_q0,True,4,15,9.405196952831244e-06,0.08447813680304524,0.3703000256791711
40,0.25,2.9692307692307693,continuation,True,3,12,4.0494307668343495e-05,0.08447817432689572,0.31340005807578564
40,0.25,3.2461538461538466,cold_q0,True,4,16,1.3856298175746364e-05,0.08429776687791789,0.6568999961018562
40,0.25,3.2461538461538466,continuation,True,3,13,4.203674549975486e-05,0.08429780061940126,0.5137000698596239
40,0.25,3.5230769230769234,cold_q0,True,4,17,1.2828416694486509e-05,0.08411727099493317,0.5682000191882253
40,0.25,3.5230769230769234,continuation,True,4,16,1.5652918411475684e-06,0.08411728753485699,0.408399966545403
40,0.25,3.8000000000000003,cold_q0,True,4,18,1.2138105041090251e-05,0.08393664846379485,0.4249999765306711
40,0.25,3.8000000000000003,continuation,True,4,16,1.8147962145049578e-06,0.08393666360305875,0.3828000044450164
40,0.25,4.0769230769230775,cold_q0,True,4,19,1.2975070467242505e-05,0.08375589839785928,0.4160999087616801
40,0.25,4.0769230769230775,continuation,True,4,16,2.1005121047683642e-06,0.08375591221553232,0.3816999960690737
40,0.25,4.353846153846154,cold_q0,True,5,22,7.26216376437323e-06,0.0835750322919521,0.5129000637680292
40,0.25,4.353846153846154,continuation,True,4,17,2.430736653982011e-06,0.0835750324653822,0.6126000080257654
40,0.25,4.630769230769231,cold_q0,True,5,23,8.043731355031416e-06,0.08339402327856363,0.5320999771356583
40,0.25,4.630769230769231,continuation,True,4,19,2.8627853297866933e-06,0.0833940234275397,0.40850008372217417
40,0.25,4.907692307692308,cold_q0,True,5,25,1.0259615123782198e-05,0.08321288404855932,0.5311000859364867
40,0.25,4.907692307692308,continuation,True,4,19,3.3221567865895166e-06,0.08321288417252515,0.4040999338030815
40,0.25,5.184615384615385,cold_q0,True,5,25,1.4636170708623557e-05,0.08303161365763165,0.5067000165581703
40,0.25,5.184615384615385,continuation,True,4,19,3.866572779275552e-06,0.08303161375834123,0.367900007404387
40,0.25,5.461538461538462,cold_q0,True,5,27,2.017745885034379e-05,0.08285021115435737,0.5664000054821372
40,0.25,5.461538461538462,continuation,True,4,21,4.483654568874109e-06,0.08285021123171785,0.4107999848201871
40,0.25,5.7384615384615385,cold_q0,True,6,31,3.4321250596891275e-06,0.08266867561857616,0.5879999371245503
40,0.25,5.7384615384615385,continuation,True,4,22,5.2442863082691504e-06,0.08266867562809174,0.5993999075144529
40,0.25,6.015384615384616,cold_q0,True,6,34,5.012331939717466e-06,0.08248700597896153,0.5694999126717448
40,0.25,6.015384615384616,continuation,True,5,24,3.2188947035829113e-06,0.08248700597975639,0.4381999606266618
40,0.25,6.292307692307693,cold_q0,True,6,35,7.2981250841482075e-06,0.08230520130026407,0.6192000582814217
40,0.25,6.292307692307693,continuation,True,5,26,3.775951782526776e-06,0.08230520130101418,0.4993999609723687
40,0.25,6.56923076923077,cold_q0,True,6,38,1.0880052702727181e-05,0.08212326058328787,1.1572000803425908
40,0.25,6.56923076923077,continuation,True,5,27,4.61657760237747e-06,0.08212326058415818,0.6735000060871243
40,0.25,6.846153846153847,cold_q0,True,7,43,9.430763783391813e-06,0.08194118281699694,1.0875000152736902
40,0.25,6.846153846153847,continuation,True,5,29,5.563769460520468e-06,0.08194118281780013,0.6977999582886696
40,0.25,7.1230769230769235,cold_q0,True,7,47,1.457882921395168e-05,0.08175896697737418,1.3772000093013048
40,0.25,7.1230769230769235,continuation,True,6,32,1.504562319718747e-06,0.08175896697736378,0.8947000605985522
40,0.25,7.4,cold_q0,True,8,54,8.437465558748077e-06,0.08157661202864241,1.2438000412657857
40,0.25,7.4,continuation,True,6,37,2.1988185319820835e-06,0.08157661202863162,0.9461999870836735
40,0.25,7.676923076923077,cold_q0,True,8,60,1.559129477012608e-05,0.08139411692210638,1.2565999059006572
40,0.25,7.676923076923077,continuation,True,6,39,3.229560933908198e-06,0.08139411692209345,0.7281999569386244
40,0.25,7.953846153846155,cold_q0,True,9,71,1.938905288418053e-05,0.08121148059614512,1.2014999520033598
40,0.25,7.953846153846155,continuation,True,7,47,3.4062825651252098e-06,0.08121148059614415,0.7575000636279583
40,0.25,8.23076923076923,cold_q0,True,11,90,1.4839869900742253e-05,0.08102870197601962,1.6599999507889152
40,0.25,8.23076923076923,continuation,True,8,57,3.128018927747557e-06,0.08102870197602098,0.9445999749004841
40,0.25,8.507692307692308,cold_q0,True,13,114,1.8430282802583626e-05,0.0808457799736349,1.9217999652028084
40,0.25,8.507692307692308,continuation,True,9,70,4.882742151717427e-06,0.08084577997363364,1.0964999673888087
40,0.25,8.784615384615384,cold_q0,True,16,166,3.0100341174881898e-05,0.08066271348732096,2.246699994429946
40,0.25,8.784615384615384,continuation,True,11,96,7.2710937729591306e-06,0.08066271348732108,2.0191000076010823
40,0.25,9.061538461538461,cold_q0,True,27,336,4.795145302662129e-05,0.08047950140156547,4.851700039580464
40,0.25,9.061538461538461,continuation,True,18,181,1.0148527857328216e-05,0.08047950140156682,2.5106000248342752
40,0.25,9.338461538461539,cold_q0,False,60,2584,0.0015038148157537666,0.08029614258679693,32.33940002974123
40,0.25,9.338461538461539,continuation,False,60,2801,0.0013104307104992267,0.08029614258679801,33.463000087067485
40,0.5,0.2,cold_q0,True,3,8,3.104693327662948e-05,0.08626735251166254,0.2741999924182892
40,0.5,0.2,continuation,True,3,8,3.104693327662948e-05,0.08626735251166254,0.25590008590370417
40,0.5,0.47692307692307695,cold_q0,True,3,8,7.691373941939877e-05,0.08609058099824907,0.25370006915181875
40,0.5,0.47692307692307695,continuation,True,3,8,3.4016643469642364e-05,0.08609462687127467,0.5031999899074435
40,0.5,0.7538461538461538,cold_q0,True,3,9,0.00012388862276533385,0.08591369387592139,0.27570000384002924
40,0.5,0.7538461538461538,continuation,True,3,9,3.4644113031514354e-05,0.0859175477698327,0.2927000168710947
40,0.5,1.0307692307692309,cold_q0,True,3,9,0.00017202899709311634,0.08573669107880665,0.23579993285238743
40,0.5,1.0307692307692309,continuation,True,3,9,3.530570525219444e-05,0.08574036335619335,0.2538999542593956
40,0.5,1.3076923076923077,cold_q0,True,3,9,0.00022139700708591212,0.08555957256290882,0.25749998167157173
40,0.5,1.3076923076923077,continuation,True,3,9,3.600490651478431e-05,0.08556307374549486,0.2313000150024891
40,0.5,1.5846153846153845,cold_q0,True,3,10,0.00027205777169527184,0.08538233830684314,0.29150000773370266
40,0.5,1.5846153846153845,continuation,True,3,11,3.674334364551061e-05,0.08538567773077332,0.24290010333061218
40,0.5,1.8615384615384616,cold_q0,True,4,14,6.398400249950745e-07,0.08520809882297806,0.3551000263541937
40,0.5,1.8615384615384616,continuation,True,3,11,3.7528188636694193e-05,0.08520817558858017,0.25459995958954096
40,0.5,2.138461538461539,cold_q0,True,4,14,8.884469048075185e-07,0.08503049720506083,0.3355999942868948
40,0.5,2.138461538461539,continuation,True,3,11,3.836230759603536e-05,0.08503056614965133,0.2509999321773648
40,0.5,2.4153846153846157,cold_q0,True,4,14,1.195496861893036e-06,0.08485278706429968,0.35170000046491623
40,0.5,2.4153846153846157,continuation,True,3,11,3.925220837589804e-05,0.08485284870628997,0.2807000419124961
40,0.5,2.6923076923076925,cold_q0,True,4,16,1.5641998247890946e-06,0.08467496788535682,0.35539991222321987
40,0.5,2.6923076923076925,continuation,True,3,13,4.019606925575011e-05,0.084675022543315,0.28739997651427984
40,0.5,2.9692307692307693,cold_q0,True,4,17,2.024971878997925e-06,0.0844970385415561,0.3999000182375312
40,0.5,2.9692307692307693,continuation,True,4,15,2.899626399376502e-07,0.08449705941224604,0.42260007467120886
40,0.5,3.2461538461538466,cold_q0,True,4,17,2.5713365264679044e-06,0.08431899849162329,0.47420000191777945
40,0.5,3.2461538461538466,continuation,True,4,15,3.140166824202908e-07,0.08431901787917159,0.4600000102072954
40,0.5,3.5230769230769234,cold_q0,True,4,18,3.228343312977886e-06,0.08414084698426312,0.4545999690890312
40,0.5,3.5230769230769234,continuation,True,4,16,3.541487951158039e-07,0.08414086496420795,0.48719998449087143
40,0.5,3.8000000000000003,cold_q0,True,5,22,2.021055682542298e-06,0.08396259958592245,0.6949999369680882
40,0.5,3.8000000000000003,continuation,True,4,16,4.032451206620422e-07,0.08396259990628364,0.4221000708639622
40,0.5,4.0769230769230775,cold_q0,True,5,22,2.4926582062829603e-06,0.08378422165311121,0.5379999056458473
40,0.5,4.0769230769230775,continuation,True,4,18,4.875280613791286e-07,0.08378422194261366,0.42529997881501913
40,0.5,4.353846153846154,cold_q0,True,5,24,3.1007343387838727e-06,0.08360573002835801,0.5090999184176326
40,0.5,4.353846153846154,continuation,True,4,18,5.622864918137191e-07,0.0836057302835869,0.43070001993328333
40,0.5,4.630769230769231,cold_q0,True,5,24,3.82153024880502e-06,0.08342712392231073,0.5101999267935753
40,0.5,4.630769230769231,continuation,True,4,19,6.317668288288297e-07,0.08342712414685083,0.40770007763057947
40,0.5,4.907692307692308,cold_q0,True,5,26,4.584372985355052e-06,0.08324840254116615,0.5270000547170639
40,0.5,4.907692307692308,continuation,True,4,20,7.290708980176744e-07,0.0832484027363036,0.47479989007115364
40,0.5,5.184615384615385,cold_q0,True,5,28,5.42500067287167e-06,0.08306956508049042,0.6098999874666333
40,0.5,5.184615384615385,continuation,True,4,21,8.388272531036076e-07,0.08306956524667794,0.49439992289990187
40,0.5,5.461538461538462,cold_q0,True,6,31,3.5841196981382405e-07,0.08289061079368219,0.7181999972090125
40,0.5,5.461538461538462,continuation,True,5,24,4.863856567281474e-07,0.08289061079463417,0.5640999879688025
40,0.5,5.7384615384615385,cold_q0,True,6,34,5.063246988399875e-07,0.08271153871550031,0.759200076572597
40,0.5,5.7384615384615385,continuation,True,5,24,5.398973263316793e-07,0.08271153871640706,0.840499997138977
40,0.5,6.015384615384616,cold_q0,True,6,35,7.1303455928365e-07,0.08253234808873611,0.7871000561863184
40,0.5,6.015384615384616,continuation,True,5,26,5.881066277584783e-07,0.08253234808942916,0.6423000013455749
40,0.5,6.292307692307693,cold_q0,True,6,37,1.0320164746239648e-06,0.082353038071028,0.7759000873193145
40,0.5,6.292307692307693,continuation,True,5,27,6.433610941985312e-07,0.08235303807178483,0.5934999790042639
40,0.5,6.56923076923077,cold_q0,True,7,44,8.744910608626624e-07,0.08217360781044339,1.2150999391451478
40,0.5,6.56923076923077,continuation,True,5,28,7.12935762660118e-07,0.0821736078110674,0.65510009881109
40,0.5,6.846153846153847,cold_q0,True,7,46,1.2877874678718728e-06,0.08199405644417251,0.786100048571825
40,0.5,6.846153846153847,continuation,True,6,32,1.2156020913983937e-07,0.0819940564441663,0.575499958358705
40,0.5,7.1230769230769235,cold_q0,True,8,53,6.250139076363676e-07,0.08181438310011889,0.8750000270083547
40,0.5,7.1230769230769235,continuation,True,6,36,1.675778007136525e-07,0.08181438310011124,0.6072999676689506
40,0.5,7.4,cold_q0,True,8,57,1.1323757403730035e-06,0.08163458689551926,1.117600011639297
40,0.5,7.4,continuation,True,6,38,2.264319151243564e-07,0.08163458689551259,0.6304000271484256
40,0.5,7.676923076923077,cold_q0,True,9,68,1.2781400442264027e-06,0.0814546669370998,1.0130000300705433
40,0.5,7.676923076923077,continuation,True,7,45,2.1910551230581127e-07,0.08145466693710549,0.750300008803606
40,0.5,7.953846153846155,cold_q0,True,10,78,1.0665395492536725e-06,0.0812746223208814,1.253900001756847
40,0.5,7.953846153846155,continuation,True,7,50,3.477516852432117e-07,0.08127462232087898,1.05189997702837
40,0.5,8.23076923076923,cold_q0,True,11,96,1.8251658875892102e-06,0.08109445213201012,1.5619000187143683
40,0.5,8.23076923076923,continuation,True,8,60,3.1362807018241534e-07,0.08109445213200821,1.1006999993696809
40,0.5,8.507692307692308,cold_q0,True,13,126,2.2304403394836437e-06,0.08091415544456748,2.6074000634253025
40,0.5,8.507692307692308,continuation,True,10,80,2.6784058249270577e-07,0.08091415544456605,1.4018999645486474
40,0.5,8.784615384615384,cold_q0,True,17,187,2.71282418091392e-06,0.08073373132138943,2.5933999568223953
40,0.5,8.784615384615384,continuation,True,12,108,4.407917294764664e-07,0.08073373132138942,1.6069000121206045
40,0.5,9.061538461538461,cold_q0,True,30,388,3.7205209541402206e-06,0.08055317881388066,5.29359991196543
40,0.5,9.061538461538461,continuation,True,20,211,6.154639926882418e-07,0.08055317881388206,3.252499969676137
40,0.5,9.338461538461539,cold_q0,False,60,5165,0.0003579536466297328,0.08037249696177667,54.89429994486272
40,0.5,9.338461538461539,continuation,False,60,2573,0.0001119982482627248,0.0803724969617762,28.77119998447597
120,0.1,0.2,cold_q0,True,3,8,1.0908163888653989e-05,0.08638148007418839,1.0412000119686127
120,0.1,0.2,continuation,True,3,8,1.0908163888653989e-05,0.08638148007418839,0.9115999564528465
120,0.1,0.47692307692307695,cold_q0,True,3,8,3.0301806102100228e-05,0.08636670485472761,1.0146000422537327
120,0.1,0.47692307692307695,continuation,True,2,5,2.365833403171449e-05,0.0863710672951712,0.5242000333964825
120,0.1,0.7538461538461538,cold_q0,True,3,9,5.034986184423634e-05,0.08635192960412867,0.9684000397101045
120,0.1,0.7538461538461538,continuation,True,3,9,1.2050948453936415e-05,0.08635622844441221,0.9682999225333333
120,0.1,1.0307692307692309,cold_q0,True,3,10,7.131474682709232e-05,0.0863371965927649,0.9493000106886029
120,0.1,1.0307692307692309,continuation,True,3,9,1.2463582372922362e-05,0.0863414489836407,0.9566000662744045
120,0.1,1.3076923076923077,cold_q0,True,3,10,9.304569156103808e-05,0.08632242123245228,0.9948000079020858
120,0.1,1.3076923076923077,continuation,True,3,9,1.2857035766366445e-05,0.08632666949988971,0.8914999198168516
120,0.1,1.5846153846153845,cold_q0,True,3,11,0.00011537097428833754,0.08630764584116335,1.6012000851333141
120,0.1,1.5846153846153845,continuation,True,3,10,1.329836887507585e-05,0.08631188998517765,1.094199949875474
120,0.1,1.8615384615384616,cold_q0,True,3,11,0.00013881245749964736,0.08629287041888194,1.0859000030905008
120,0.1,1.8615384615384616,continuation,True,3,10,1.3778641903112484e-05,0.08629711044374665,1.0640999535098672
120,0.1,2.138461538461539,cold_q0,True,3,11,0.00016317760908529183,0.08627809496562802,1.2131000403314829
120,0.1,2.138461538461539,continuation,True,3,10,1.4297318891757283e-05,0.08628233087346611,1.092500053346157
120,0.1,2.4153846153846157,cold_q0,True,3,11,0.00018830736146309058,0.08626331948138068,1.1495000217109919
120,0.1,2.4153846153846157,continuation,True,3,11,1.4868348887851857e-05,0.08626755126713699,1.0860000038519502
120,0.1,2.6923076923076925,cold_q0,True,4,15,2.262778799481734e-06,0.08625272816671638,1.8101000459864736
120,0.1,2.6923076923076925,continuation,True,3,12,1.548569768382283e-05,0.08625277163918978,1.2520999880507588
120,0.1,2.9692307692307693,cold_q0,True,4,15,3.7656631865533407e-06,0.08623794856512444,1.5443000011146069
120,0.1,2.9692307692307693,continuation,True,3,12,1.6160164936389576e-05,0.08623799198236066,1.2664999812841415
120,0.1,3.2461538461538466,cold_q0,True,4,15,4.751227742880956e-06,0.08622316893463443,1.5779000241309404
120,0.1,3.2461538461538466,continuation,True,3,12,1.682655425436398e-05,0.08622321229668203,1.558799995109439
120,0.1,3.5230769230769234,cold_q0,True,4,17,6.154744309564046e-06,0.08620838927319571,1.715900027193129
120,0.1,3.5230769230769234,continuation,True,3,13,1.7546350484554195e-05,0.08620843258214625,1.5696999616920948
120,0.1,3.8000000000000003,cold_q0,True,4,18,7.840608530753605e-06,0.08619360979200562,1.8035999964922667
120,0.1,3.8000000000000003,continuation,True,3,14,1.8336899122885725e-05,0.0861936528387438,1.4278000453487039
120,0.1,4.0769230769230775,cold_q0,True,4,18,9.620627856613962e-06,0.08617883007447388,2.314800047315657
120,0.1,4.0769230769230775,continuation,True,4,16,1.012054297879805e-06,0.0861788716380728,1.7202000599354506
120,0.1,4.353846153846154,cold_q0,True,4,18,1.151178946013072e-05,0.08616405032803455,1.9298999104648829
120,0.1,4.353846153846154,continuation,True,4,16,1.1822781064296252e-06,0.08616409183785856,1.9100999925285578
120,0.1,4.630769230769231,cold_q0,True,4,20,1.3514743455955029e-05,0.0861492705526819,2.0179999992251396
120,0.1,4.630769230769231,continuation,True,4,17,1.3770517756884984e-06,0.08614931200878148,2.014799974858761
120,0.1,4.907692307692308,cold_q0,True,5,22,8.232421408358311e-06,0.0861345317260441,2.2996000479906797
120,0.1,4.907692307692308,continuation,True,4,17,1.6005379012276449e-06,0.08613453215082822,1.8034999957308173
120,0.1,5.184615384615385,cold_q0,True,5,22,9.573331089932205e-06,0.08611975183990486,2.440100070089102
120,0.1,5.184615384615385,continuation,True,4,18,1.857069094709599e-06,0.08611975226394357,2.2357000270858407
120,0.1,5.461538461538462,cold_q0,True,5,25,1.0534988870719479e-05,0.08610497192690482,2.8465999057516456
120,0.1,5.461538461538462,continuation,True,4,20,2.1547039447588803e-06,0.08610497234826078,2.020200015977025
120,0.1,5.7384615384615385,cold_q0,True,5,24,1.1557830232848507e-05,0.08609019198304654,2.6437999913468957
120,0.1,5.7384615384615385,continuation,True,4,20,2.4997550752448827e-06,0.08609019240371134,2.1527999779209495
120,0.1,6.015384615384616,cold_q0,True,5,27,1.3155586700941295e-05,0.08607541201026733,2.953800023533404
120,0.1,6.015384615384616,continuation,True,4,21,2.908695475394751e-06,0.0860754124302838,2.15119996573776
120,0.1,6.292307692307693,cold_q0,True,6,31,4.680923330304283e-06,0.08606063240981875,3.4911000402644277
120,0.1,6.292307692307693,continuation,True,4,23,3.387312656356151e-06,0.08606063242797246,2.525900024920702
120,0.1,6.56923076923077,cold_q0,True,6,33,6.55053654209385e-06,0.08604585237867694,4.225999931804836
120,0.1,6.56923076923077,continuation,True,5,25,2.255595652991477e-06,0.08604585238280191,2.9230000218376517
120,0.1,6.846153846153847,cold_q0,True,6,37,9.41327515487261e-06,0.08603107231863609,4.091599956154823
120,0.1,6.846153846153847,continuation,True,5,28,2.7569222481880575e-06,0.08603107232274963,2.777299960143864
120,0.1,7.1230769230769235,cold_q0,True,7,43,8.273315671100725e-06,0.08601629223364131,4.300500033423305
120,0.1,7.1230769230769235,continuation,True,5,29,3.3620853626382067e-06,0.08601629223382498,3.298099967651069
120,0.1,7.4,cold_q0,True,7,46,1.2341470542651282e-05,0.08600151211582524,4.493899992667139
120,0.1,7.4,continuation,True,5,32,4.199912168110373e-06,0.08600151211600321,3.146400093100965
120,0.1,7.676923076923077,cold_q0,True,8,55,8.337663705070361e-06,0.08598673196917109,6.395700038410723
120,0.1,7.676923076923077,continuation,True,6,38,2.382535754239394e-06,0.08598673196917389,3.9562999736517668
120,0.1,7.953846153846155,cold_q0,True,9,66,9.880770815248935e-06,0.0859719517935836,7.134399958886206
120,0.1,7.953846153846155,continuation,True,6,40,3.5149387618917736e-06,0.08597195179358452,4.002099973149598
120,0.1,8.23076923076923,cold_q0,True,10,80,1.0740498479675081e-05,0.08595717158911044,8.444300037808716
120,0.1,8.23076923076923,continuation,True,7,49,3.853245929687876e-06,0.08595717158910945,4.954900010488927
120,0.1,8.507692307692308,cold_q0,True,12,104,1.1765228013631271e-05,0.08594239135574205,11.88969996292144
120,0.1,8.507692307692308,continuation,True,8,61,4.319371688165381e-06,0.08594239135574107,6.4703000243753195
120,0.1,8.784615384615384,cold_q0,True,15,148,1.7440514786449832e-05,0.08592761109348321,16.86520001385361
120,0.1,8.784615384615384,continuation,True,11,88,4.130083855767382e-06,0.08592761109348317,10.527300066314638
120,0.1,9.061538461538461,cold_q0,True,27,314,2.0629087321576773e-05,0.08591283080233578,33.582799951545894
120,0.1,9.061538461538461,continuation,True,18,171,5.733635706484783e-06,0.08591283080233386,18.705000053159893
120,0.1,9.338461538461539,cold_q0,False,60,3156,0.0013837316974626957,0.08589805048228649,313.8448999961838
120,0.1,9.338461538461539,continuation,False,60,4167,0.0017098768395027262,0.08589805048228553,423.29740000423044
120,0.25,0.2,cold_q0,True,3,8,7.718561543764565e-06,0.08638030562043321,0.9503000183030963
120,0.25,0.2,continuation,True,3,8,7.718561543764565e-06,0.08638030562043321,0.9077000431716442
120,0.25,0.47692307692307695,cold_q0,True,3,8,1.9690811966936883e-05,0.08636581206207722,0.8909000316634774
120,0.25,0.47692307692307695,continuation,True,3,8,1.0868683640161677e-05,0.08637011561864145,0.9028000058606267
120,0.25,0.7538461538461538,cold_q0,True,3,9,3.200354607085392e-05,0.08635131848091883,0.8583000162616372
120,0.25,0.7538461538461538,continuation,True,3,9,1.1118291072924724e-05,0.0863556187176912,1.1214999249204993
120,0.25,1.0307692307692309,cold_q0,True,3,10,4.467766437762691e-05,0.08633686714728948,0.9778999956324697
120,0.25,1.0307692307692309,continuation,True,3,9,1.1383576784486542e-05,0.08634112094177317,0.9777999948710203
120,0.25,1.3076923076923077,cold_q0,True,3,10,5.773620141516338e-05,0.08632237347323457,0.9486000053584576
120,0.25,1.3076923076923077,continuation,True,3,9,1.1617998749958852e-05,0.0863266231459278,0.9407000616192818
120,0.25,1.5846153846153845,cold_q0,True,3,12,7.124557676977224e-05,0.08630787977650767,1.1775000020861626
120,0.25,1.5846153846153845,continuation,True,3,10,1.1800103021548104e-05,0.0863121253281654,1.0807999642565846
120,0.25,1.8615384615384616,cold_q0,True,3,12,8.568938664623921e-05,0.08629338605713925,1.2644999660551548
120,0.25,1.8615384615384616,continuation,True,3,11,1.199157074866995e-05,0.08629762747864986,1.4560000272467732
120,0.25,2.138461538461539,cold_q0,True,4,14,1.3591673485824948e-06,0.08628308467599397,1.9199999514967203
120,0.25,2.138461538461539,continuation,True,3,11,1.2185110355205449e-05,0.08628312962335374,1.297699986025691
120,0.25,2.4153846153846157,cold_q0,True,4,14,1.8178452377939541e-06,0.08626858685745856,1.5951000386849046
120,0.25,2.4153846153846157,continuation,True,3,11,1.237296790531822e-05,0.08626863174824644,1.5075999544933438
120,0.25,2.6923076923076925,cold_q0,True,4,14,2.0000657306927642e-06,0.08625408860426574,1.6784999752417207
120,0.25,2.6923076923076925,continuation,True,3,12,1.2585220634570386e-05,0.08625413385333555,1.3918000040575862
120,0.25,2.9692307692307693,cold_q0,True,4,16,2.5673783691107334e-06,0.08623959136917161,1.9093999871984124
120,0.25,2.9692307692307693,continuation,True,3,13,1.2812116809447482e-05,0.08623963593856396,1.4440000522881746
120,0.25,3.2461538461538466,cold_q0,True,4,16,3.2381582701426084e-06,0.08622509349067993,1.7198000568896532
120,0.25,3.2461538461538466,continuation,True,4,14,3.071295382231811e-07,0.08622513522826904,1.5182000352069736
120,0.25,3.5230769230769234,cold_q0,True,4,18,4.511650309477232e-06,0.0862105955902579,1.9002000335603952
120,0.25,3.5230769230769234,continuation,True,4,16,4.0418446268823994e-07,0.08621063727605321,1.6849000239744782
120,0.25,3.8000000000000003,cold_q0,True,4,19,5.764570640390378e-06,0.08619609767199433,2.3755000438541174
120,0.25,3.8000000000000003,continuation,True,4,16,4.96952236040147e-07,0.08619613930399382,1.7914000200107694
120,0.25,4.0769230769230775,cold_q0,True,5,21,3.602975374675172e-06,0.08618164087182427,2.4115999694913626
120,0.25,4.0769230769230775,continuation,True,4,16,5.683779403368647e-07,0.08618164131211753,1.793400035239756
120,0.25,4.353846153846154,cold_q0,True,5,22,4.206185082575472e-06,0.08616714286080125,3.3434999641031027
120,0.25,4.353846153846154,continuation,True,4,17,6.496252344377211e-07,0.08616714330025488,2.178400056436658
120,0.25,4.630769230769231,cold_q0,True,5,25,4.8032619475886984e-06,0.08615264483197009,2.8704999713227153
120,0.25,4.630769230769231,continuation,True,4,19,7.520868634006804e-07,0.08615264526869905,2.188200014643371
120,0.25,4.907692307692308,cold_q0,True,5,25,5.722717754878115e-06,0.08613814678126566,2.9183999868109822
120,0.25,4.907692307692308,continuation,True,4,19,8.609730227421278e-07,0.08613814721731679,2.1198999602347612
120,0.25,5.184615384615385,cold_q0,True,5,26,6.961769667213098e-06,0.0861236487107072,2.7753999456763268
120,0.25,5.184615384615385,continuation,True,4,19,9.87950794796059e-07,0.08612364914607003,2.0882999524474144
120,0.25,5.461538461538462,cold_q0,True,5,28,8.456221240598216e-06,0.08610915062034989,3.3184000058099627
120,0.25,5.461538461538462,continuation,True,4,21,1.1301815773816309e-06,0.08610915105501206,2.9724999330937862
120,0.25,5.7384615384615385,cold_q0,True,6,31,1.5515308331800422e-06,0.08609465291260962,3.3213000278919935
120,0.25,5.7384615384615385,continuation,True,4,22,1.3024250549468465e-06,0.08609465294408386,2.4753999896347523
120,0.25,6.015384615384616,cold_q0,True,6,34,2.1980640645938457e-06,0.08608015478192353,5.085599957965314
120,0.25,6.015384615384616,continuation,True,5,24,8.084794345988809e-07,0.08608015478619521,3.152000019326806
120,0.25,6.292307692307693,cold_q0,True,6,36,3.114703831344873e-06,0.08606565663136437,4.740800010040402
120,0.25,6.292307692307693,continuation,True,5,26,9.436614813464347e-07,0.08606565663562558,3.2594999065622687
120,0.25,6.56923076923077,cold_q0,True,6,38,4.5076273531912815e-06,0.08605115846096258,4.145100014284253
120,0.25,6.56923076923077,continuation,True,5,27,1.1396657543448567e-06,0.08605115846521047,3.0815000645816326
120,0.25,6.846153846153847,cold_q0,True,7,44,3.802958818430254e-06,0.08603666027463948,4.667999921366572
120,0.25,6.846153846153847,continuation,True,5,29,1.3602337902681582e-06,0.0860366602749518,3.421699977479875
120,0.25,7.1230769230769235,cold_q0,True,7,48,5.699025136760438e-06,0.08602216206452487,5.982799921184778
120,0.25,7.1230769230769235,continuation,True,5,31,1.707661212091433e-06,0.08602216206484194,4.11290000192821
120,0.25,7.4,cold_q0,True,8,56,3.269640772617222e-06,0.08600766383461995,6.48469990119338
120,0.25,7.4,continuation,True,6,37,7.149684659544099e-07,0.08600766383462002,4.201499978080392
120,0.25,7.676923076923077,cold_q0,True,8,61,5.458694147584561e-06,0.08599316558481629,6.7813999485224485
120,0.25,7.676923076923077,continuation,True,6,39,9.892070028962976e-07,0.0859931655848078,4.265700001269579
120,0.25,7.953846153846155,cold_q0,True,9,72,6.24327121772883e-06,0.08597866731516335,7.514699944294989
120,0.25,7.953846153846155,continuation,True,7,47,9.753498409991094e-07,0.0859786673151615,4.968900000676513
120,0.25,8.23076923076923,cold_q0,True,11,91,4.423492767150104e-06,0.08596416902565635,10.14010002836585
120,0.25,8.23076923076923,continuation,True,8,56,8.592482405262014e-07,0.08596416902566023,6.62580004427582
120,0.25,8.507692307692308,cold_q0,True,13,118,5.110340902397509e-06,0.08594967071628959,15.241799992509186
120,0.25,8.507692307692308,continuation,True,9,71,1.2403968621873998e-06,0.08594967071628681,8.215599926188588
120,0.25,8.784615384615384,cold_q0,True,16,175,8.003849028913924e-06,0.08593517238708405,18.2994999922812
120,0.25,8.784615384615384,continuation,True,11,97,1.73353790639746e-06,0.08593517238707743,12.252999935299158
120,0.25,9.061538461538461,cold_q0,True,29,362,1.0876897562695484e-05,0.08592067403800921,40.62260000500828
120,0.25,9.061538461538461,continuation,True,19,193,2.2474830889341165e-06,0.08592067403800734,21.725500002503395
120,0.25,9.338461538461539,cold_q0,False,60,5085,0.0009752740968255807,0.0859061756690946,504.526500008069
120,0.25,9.338461538461539,continuation,False,60,2848,0.00036229023198922484,0.0859061756690918,284.19499995652586
120,0.5,0.2,cold_q0,True,3,8,7.394789184129043e-06,0.0863798463858745,1.1116999667137861
120,0.5,0.2,continuation,True,3,8,7.394789184129043e-06,0.0863798463858745,0.9573999559506774
120,0.5,0.47692307692307695,cold_q0,True,3,8,1.8348017860343248e-05,0.08636535278838163,0.8481000550091267
120,0.5,0.47692307692307695,continuation,True,3,8,1.0442923557059943e-05,0.08636965639181493,0.8393999887630343
120,0.5,0.7538461538461538,cold_q0,True,3,9,2.9606970648290985e-05,0.08635085916806828,0.9183000074699521
120,0.5,0.7538461538461538,continuation,True,3,9,1.0669910963152782e-05,0.08635515945142315,1.1576999677345157
120,0.5,1.0307692307692309,cold_q0,True,3,9,4.1250828462113256e-05,0.08633636552496775,0.9476999985054135
120,0.5,1.0307692307692309,continuation,True,3,9,1.0901356570641077e-05,0.08634066163603504,1.2456000549718738
120,0.5,1.3076923076923077,cold_q0,True,3,10,5.3305083258017206e-05,0.08632187185904866,1.1709000682458282
120,0.5,1.3076923076923077,continuation,True,3,9,1.1129125954083163e-05,0.08632616380074054,1.703999936580658
120,0.5,1.5846153846153845,cold_q0,True,3,12,6.578783899301898e-05,0.08630742034807812,1.3559999642893672
120,0.5,1.5846153846153845,continuation,True,3,11,1.1368872964216417e-05,0.0863116659294622,1.1836999328806996
120,0.5,1.8615384615384616,cold_q0,True,4,14,1.1066995901738341e-07,0.08629712304962447,2.3577000247314572
120,0.5,1.8615384615384616,continuation,True,3,11,1.1598209484596948e-05,0.08629716805453577,1.3365999329835176
120,0.5,2.138461538461539,cold_q0,True,4,14,1.4755681089188424e-07,0.08628262521148443,1.4914999483153224
120,0.5,2.138461538461539,continuation,True,3,11,1.1820231510306128e-05,0.0862826701597772,1.40299997292459
120,0.5,2.4153846153846157,cold_q0,True,4,15,1.9039414397203033e-07,0.08626812756255803,1.6539000207558274
120,0.5,2.4153846153846157,continuation,True,3,12,1.2054934233418726e-05,0.08626817224518459,1.3111999724060297
120,0.5,2.6923076923076925,cold_q0,True,4,17,2.3949317471519376e-07,0.08625362968231273,2.2435999708250165
120,0.5,2.6923076923076925,continuation,True,4,15,2.8757002847560955e-08,0.08625367153063801,1.657900051213801
120,0.5,2.9692307692307693,cold_q0,True,4,17,2.951076956102661e-07,0.08623913178423263,1.7832000739872456
120,0.5,2.9692307692307693,continuation,True,4,15,3.223889104662128e-08,0.08623917357860689,1.6647001029923558
120,0.5,3.2461538461538466,cold_q0,True,4,17,3.575820615422653e-07,0.08622463386628608,1.782699953764677
120,0.5,3.2461538461538466,continuation,True,4,15,3.582708034822974e-08,0.08622467560674171,2.020800020545721
120,0.5,3.5230769230769234,cold_q0,True,4,19,4.2732411226657697e-07,0.08621013592845221,2.6515000499784946
120,0.5,3.5230769230769234,continuation,True,4,16,3.941565486929286e-08,0.08621017761504439,2.122600097209215
120,0.5,3.8000000000000003,cold_q0,True,5,22,2.556294592640098e-07,0.08619567916251239,2.6771000120788813
120,0.5,3.8000000000000003,continuation,True,4,17,3.7246984948882397e-08,0.08619567960337211,1.994500053115189
120,0.5,4.0769230769230775,cold_q0,True,5,22,3.004425201702128e-07,0.08618118113184478,3.145999973639846
120,0.5,4.0769230769230775,continuation,True,4,18,4.741779057425295e-08,0.08618118157200479,2.113900030963123
120,0.5,4.353846153846154,cold_q0,True,5,24,3.4534148102507744e-07,0.08616668308335568,2.6421999791637063
120,0.5,4.353846153846154,continuation,True,4,18,5.175999796439476e-08,0.08616668352079199,2.0366000244393945
120,0.5,4.630769230769231,cold_q0,True,5,24,3.9830346851071983e-07,0.08615218501299901,3.1407999340444803
120,0.5,4.630769230769231,continuation,True,4,19,5.6204080417635184e-08,0.08615218544975276,2.2184000117704272
120,0.5,4.907692307692308,cold_q0,True,5,26,4.5711532592652205e-07,0.08613768692280356,2.687099971808493
120,0.5,4.907692307692308,continuation,True,4,20,6.306549682610312e-08,0.08613768735885663,2.0728999515995383
120,0.5,5.184615384615385,cold_q0,True,5,28,5.210327925740214e-07,0.08612318881276551,3.498799982480705
120,0.5,5.184615384615385,continuation,True,4,21,7.04357757802987e-08,0.08612318924813026,2.4975999258458614
120,0.5,5.461538461538462,cold_q0,True,6,31,2.847462559229819e-08,0.08610869108605368,3.5951000172644854
120,0.5,5.461538461538462,continuation,True,5,24,4.306907780204204e-08,0.08610869109037297,3.027200000360608
120,0.5,5.7384615384615385,cold_q0,True,6,34,3.856941772506766e-08,0.08609419293570493,3.949300036765635
120,0.5,5.7384615384615385,continuation,True,5,24,4.966694556384379e-08,0.08609419293998802,2.6083000702783465
120,0.5,6.015384615384616,cold_q0,True,6,36,6.216941564162272e-08,0.0860796947654926,4.198599955998361
120,0.5,6.015384615384616,continuation,True,5,26,4.783484607168307e-08,0.08607969476975569,3.061500028707087
120,0.5,6.292307692307693,cold_q0,True,6,37,8.591868908611517e-08,0.08606519657541671,4.08330000936985
120,0.5,6.292307692307693,continuation,True,5,27,5.3684801376052486e-08,0.08606519657969122,3.061099909245968
120,0.5,6.56923076923077,cold_q0,True,7,44,7.640729776653137e-08,0.08605069836944994,5.431800032965839
120,0.5,6.56923076923077,continuation,True,5,29,5.590291710184789e-08,0.08605069836976414,3.3478999976068735
120,0.5,6.846153846153847,cold_q0,True,7,47,1.0880851763268721e-07,0.0860362001396907,5.414799903519452
120,0.5,6.846153846153847,continuation,True,6,32,1.8010107591145463e-08,0.08603620013972883,3.786599962040782
120,0.5,7.1230769230769235,cold_q0,True,8,53,2.8361806463060657e-08,0.08602170189010695,6.0755000449717045
120,0.5,7.1230769230769235,continuation,True,6,36,1.7959929127952748e-08,0.0860217018901108,4.052600008435547
120,0.5,7.4,cold_q0,True,8,59,5.130925133718157e-08,0.08600720362064819,6.276800064370036
120,0.5,7.4,continuation,True,6,38,3.695160998399864e-08,0.0860072036206549,4.292200086638331
120,0.5,7.676923076923077,cold_q0,True,9,69,5.888534370724825e-08,0.08599270533132401,7.077899994328618
120,0.5,7.676923076923077,continuation,True,7,45,3.0966588427057915e-08,0.08599270533132498,5.138800013810396
120,0.5,7.953846153846155,cold_q0,True,10,80,4.9470897925887536e-08,0.08597820702215242,8.487400016747415
120,0.5,7.953846153846155,continuation,True,7,51,2.3989008455134036e-08,0.08597820702214767,5.807099980302155
120,0.5,8.23076923076923,cold_q0,True,11,97,8.0261402125835e-08,0.08596370869313438,10.589699959382415
120,0.5,8.23076923076923,continuation,True,8,61,3.467311001756133e-08,0.0859637086931306,6.499799899756908
120,0.5,8.507692307692308,cold_q0,True,13,128,9.919129976682785e-08,0.0859492103442471,13.940599979832768
120,0.5,8.507692307692308,continuation,True,10,80,3.922995695621213e-08,0.0859492103442433,9.274599957279861
120,0.5,8.784615384615384,cold_q0,True,18,195,7.587899930332238e-08,0.08593471197550769,21.11109998077154
120,0.5,8.784615384615384,continuation,True,12,109,5.4335117275058734e-08,0.08593471197550673,13.519400032237172
120,0.5,9.061538461538461,cold_q0,True,31,416,1.5332025453235406e-07,0.08592021358691515,44.43240002728999
120,0.5,9.061538461538461,continuation,True,21,219,7.307147149353209e-08,0.08592021358691326,23.378600017167628
120,0.5,9.338461538461539,cold_q0,False,60,6859,0.0004608297941646273,0.08590571517846192,716.0838000709191
120,0.5,9.338461538461539,continuation,False,60,4080,9.969949581992194e-06,0.08590571517846098,430.4083000170067
350,0.1,0.2,cold_q0,True,3,8,2.3218377472798116e-06,0.08638903870614535,1.1602999875321984
350,0.1,0.2,continuation,True,3,8,2.3218377472798116e-06,0.08638903870614535,1.4531000051647425
350,0.1,0.47692307692307695,cold_q0,True,3,8,6.3908310978629135e-06,0.08638758741625079,0.8841999806463718
350,0.1,0.47692307692307695,continuation,True,2,6,6.6612267355148655e-06,0.08639182445995332,0.6772000342607498
350,0.1,0.7538461538461538,cold_q0,True,3,9,1.0623832370024804e-05,0.0863861361263048,1.2005999451503158
350,0.1,0.7538461538461538,continuation,True,3,9,3.4043437860566157e-06,0.08639044453446572,1.5418999828398228
350,0.1,1.0307692307692309,cold_q0,True,3,10,1.5034911629790449e-05,0.08638472727522159,1.207199995405972
350,0.1,1.0307692307692309,continuation,True,3,9,3.545403781286736e-06,0.08638899303991887,1.0902000358328223
350,0.1,1.3076923076923077,cold_q0,True,3,10,1.963995068870022e-05,0.08638327598239105,1.1017000069841743
350,0.1,1.3076923076923077,continuation,True,3,9,3.6554350152518824e-06,0.08638754153823199,1.2016999535262585
350,0.1,1.5846153846153845,cold_q0,True,3,11,2.4455080288365348e-05,0.08638182468951097,1.35859998408705
350,0.1,1.5846153846153845,continuation,True,3,10,3.7707651322594196e-06,0.08638609003434787,1.1999999405816197
350,0.1,1.8615384615384616,cold_q0,True,3,11,2.9498587506050402e-05,0.0863803733965795,1.457400037907064
350,0.1,1.8615384615384616,continuation,True,3,10,3.897544573706309e-06,0.08638463853256578,1.2898999266326427
350,0.1,2.138461538461539,cold_q0,True,3,12,3.4790603974587754e-05,0.08637892210358711,1.3650000328198075
350,0.1,2.138461538461539,continuation,True,3,10,4.034568547223318e-06,0.08638318703073418,1.4506001025438309
350,0.1,2.4153846153846157,cold_q0,True,4,14,1.2865013587437978e-06,0.08638169285159329,2.0349000114947557
350,0.1,2.4153846153846157,continuation,True,3,11,4.183471098214369e-06,0.08638173552812956,1.5529000665992498
350,0.1,2.6923076923076925,cold_q0,True,4,15,1.6595681942054438e-06,0.0863802413524349,1.8137000733986497
350,0.1,2.6923076923076925,continuation,True,3,12,4.342992204950726e-06,0.086380284026218,1.4446999412029982
350,0.1,2.9692307692307693,cold_q0,True,4,15,2.1035521317157947e-06,0.08637878985322134,1.8099000444635749
350,0.1,2.9692307692307693,continuation,True,3,12,4.51668062341087e-06,0.0863788325242379,1.4314999571070075
350,0.1,3.2461538461538466,cold_q0,True,4,15,2.6285490632126185e-06,0.08637733835396873,1.99709995649755
350,0.1,3.2461538461538466,continuation,True,3,12,4.706492741000606e-06,0.08637738102219877,1.4474999625235796
350,0.1,3.5230769230769234,cold_q0,True,4,18,3.245659551474844e-06,0.08637588706406273,2.1778999362140894
350,0.1,3.5230769230769234,continuation,True,3,13,4.900882506493655e-06,0.08637592952011396,1.6502999933436513
350,0.1,3.8000000000000003,cold_q0,True,4,18,3.821814274638425e-06,0.08637443556467873,2.289299969561398
350,0.1,3.8000000000000003,continuation,True,3,14,5.089952066930757e-06,0.08637447801797962,1.8544000340625644
350,0.1,4.0769230769230775,cold_q0,True,4,18,4.689341897699293e-06,0.08637298406525094,2.6160000124946237
350,0.1,4.0769230769230775,continuation,True,3,14,5.297722073060324e-06,0.08637302651579389,2.060099970549345
350,0.1,4.353846153846154,cold_q0,True,4,18,5.719882920329618e-06,0.08637153256577175,2.1962999599054456
350,0.1,4.353846153846154,continuation,True,4,16,5.944022203594329e-07,0.08637157487203753,2.0546000450849533
350,0.1,4.630769230769231,cold_q0,True,4,20,6.94243572344552e-06,0.0863700810662383,2.608100068755448
350,0.1,4.630769230769231,continuation,True,4,17,6.802062352373537e-07,0.08637012336975089,2.283999929204583
350,0.1,4.907692307692308,cold_q0,True,5,22,4.495977156048447e-06,0.08636867144417378,2.652799943462014
350,0.1,4.907692307692308,continuation,True,4,17,7.900098345314644e-07,0.08636867186742235,2.157700015231967
350,0.1,5.184615384615385,cold_q0,True,5,24,5.421859053929838e-06,0.08636721994390631,3.2057000789791346
350,0.1,5.184615384615385,continuation,True,4,18,9.196264106386694e-07,0.0863672203650367,2.4069000501185656
350,0.1,5.461538461538462,cold_q0,True,5,25,6.678727135355501e-06,0.08636576844151114,3.0045999446883798
350,0.1,5.461538461538462,continuation,True,4,20,1.0784904695000433e-06,0.08636576886260154,2.405200037173927
350,0.1,5.7384615384615385,cold_q0,True,5,25,8.18647667820512e-06,0.08636431693908835,5.3582999389618635
350,0.1,5.7384615384615385,continuation,True,4,20,1.2291862381459466e-06,0.0863643173601226,2.7581999311223626
350,0.1,6.015384615384616,cold_q0,True,5,28,1.0031924047930869e-05,0.08636286543657037,3.616499947384
350,0.1,6.015384615384616,continuation,True,4,21,1.4191917080951486e-06,0.08636286585759605,2.978999982587993
350,0.1,6.292307692307693,cold_q0,True,6,31,3.171911430117291e-06,0.08636141434941456,3.6871000193059444
350,0.1,6.292307692307693,continuation,True,4,23,1.6714003510009414e-06,0.08636141435501428,2.793199964798987
350,0.1,6.56923076923077,cold_q0,True,6,33,4.254939500556217e-06,0.08635996284680895,4.356799996457994
350,0.1,6.56923076923077,continuation,True,5,24,1.167778070256928e-06,0.08635996285098356,3.1124999513849616
350,0.1,6.846153846153847,cold_q0,True,6,38,5.7656707871702025e-06,0.08635851134412532,4.563200054690242
350,0.1,6.846153846153847,continuation,True,5,27,1.4174812189841591e-06,0.08635851134830087,3.346199984662235
350,0.1,7.1230769230769235,cold_q0,True,7,41,4.910051102874188e-06,0.08635705984551341,4.9770999467000365
350,0.1,7.1230769230769235,continuation,True,5,28,1.7267598715729186e-06,0.08635705984557249,3.485900000669062
350,0.1,7.4,cold_q0,True,7,46,7.061670726817543e-06,0.08635560834273459,6.265799980610609
350,0.1,7.4,continuation,True,5,30,2.152335773537583e-06,0.08635560834279271,3.7848999490961432
350,0.1,7.676923076923077,cold_q0,True,8,54,4.19235238912844e-06,0.08635415683994813,8.15899996086955
350,0.1,7.676923076923077,continuation,True,6,37,1.1638361856192409e-06,0.0863541568399482,4.914900055155158
350,0.1,7.953846153846155,cold_q0,True,8,60,7.222271435916564e-06,0.0863527053370722,7.944599958136678
350,0.1,7.953846153846155,continuation,True,6,40,1.6045012579439285e-06,0.08635270533706942,4.890100099146366
350,0.1,8.23076923076923,cold_q0,True,9,75,8.423882268161542e-06,0.08635125383414007,9.418100002221763
350,0.1,8.23076923076923,continuation,True,7,48,1.6579793710911e-06,0.0863512538341392,7.420899928547442
350,0.1,8.507692307692308,cold_q0,True,11,94,7.340930813775616e-06,0.08634980233115848,12.766600004397333
350,0.1,8.507692307692308,continuation,True,8,60,1.6950207902781564e-06,0.0863498023311595,8.182299905456603
350,0.1,8.784615384615384,cold_q0,True,14,135,7.887279670098906e-06,0.08634835082813117,16.084800008684397
350,0.1,8.784615384615384,continuation,True,10,82,2.0007491197019597e-06,0.08634835082813029,10.001800023019314
350,0.1,9.061538461538461,cold_q0,True,21,235,1.2804471203660476e-05,0.08634689932505529,30.114400084130466
350,0.1,9.061538461538461,continuation,True,14,129,3.3214214276382884e-06,0.08634689932505347,16.331300023011863
350,0.1,9.338461538461539,cold_q0,False,60,1275,0.0003624094219921007,0.08634544782192231,157.82639989629388
350,0.1,9.338461538461539,continuation,False,60,913,2.4997603264813386e-05,0.08634544782192334,107.34609991777688
350,0.25,0.2,cold_q0,True,3,8,2.1186652107675676e-06,0.08638889887251243,1.140700071118772
350,0.25,0.2,continuation,True,3,8,2.1186652107675676e-06,0.08638889887251243,1.2398000108078122
350,0.25,0.47692307692307695,cold_q0,True,3,8,5.416350054045622e-06,0.08638744758234557,1.0504999663680792
350,0.25,0.47692307692307695,continuation,True,3,8,3.072960711169307e-06,0.08639175536001144,1.0995999909937382
350,0.25,0.7538461538461538,cold_q0,True,3,9,8.852736526042493e-06,0.08638599629211208,1.5450000064447522
350,0.25,0.7538461538461538,continuation,True,3,9,3.133321388816495e-06,0.08639030471434553,1.1864000698551536
350,0.25,1.0307692307692309,cold_q0,True,3,9,1.244000396551638e-05,0.08638454500183099,1.1594999814406037
350,0.25,1.0307692307692309,continuation,True,3,9,3.197278700508663e-06,0.08638885321251012,1.1363000376150012
350,0.25,1.3076923076923077,cold_q0,True,3,10,1.6189492387787746e-05,0.08638313614778134,1.26400007866323
350,0.25,1.3076923076923077,continuation,True,3,9,3.265281490489179e-06,0.08638740171054905,1.2080000014975667
350,0.25,1.5846153846153845,cold_q0,True,3,12,2.003270292329095e-05,0.08638168485461949,1.6478999750688672
350,0.25,1.5846153846153845,continuation,True,3,10,3.336976839928889e-06,0.08638595020638505,1.5708999708294868
350,0.25,1.8615384615384616,cold_q0,True,3,12,2.403226673131495e-05,0.08638023356141289,1.6423999331891537
350,0.25,1.8615384615384616,continuation,True,3,11,3.421272950755623e-06,0.08638449870360908,1.3755999971181154
350,0.25,2.138461538461539,cold_q0,True,4,14,8.004129537945447e-07,0.08638300452204818,1.7596000107005239
350,0.25,2.138461538461539,continuation,True,3,11,3.5172279005156626e-06,0.0863830472014919,1.4956999802961946
350,0.25,2.4153846153846157,cold_q0,True,4,14,1.0733876453918876e-06,0.08638155302265181,1.8038999987766147
350,0.25,2.4153846153846157,continuation,True,3,11,3.634416261703091e-06,0.086381595699329,1.524199964478612
350,0.25,2.6923076923076925,cold_q0,True,4,15,1.4031226355593202e-06,0.08638010131376603,1.9315999234095216
350,0.25,2.6923076923076925,continuation,True,3,12,3.7640960505846733e-06,0.08638014419713565,1.5411999775096774
350,0.25,2.9692307692307693,cold_q0,True,4,16,1.8232726489942336e-06,0.0863786502352544,2.1759000374004245
350,0.25,2.9692307692307693,continuation,True,3,13,3.89087302494722e-06,0.08637869269486613,1.6815999988466501
350,0.25,3.2461538461538466,cold_q0,True,4,16,2.3281665918084633e-06,0.0863771987356962,2.152099972590804
350,0.25,3.2461538461538466,continuation,True,4,14,2.4962890626274427e-07,0.08637724105101079,1.8532000249251723
350,0.25,3.5230769230769234,cold_q0,True,4,17,2.9432489728010986e-06,0.08637574723399694,2.1034000674262643
350,0.25,3.5230769230769234,continuation,True,4,16,2.865438078027217e-07,0.08637578954864987,2.9431000584736466
350,0.25,3.8000000000000003,cold_q0,True,4,19,3.6636898126051738e-06,0.08637429573434066,2.47269996907562
350,0.25,3.8000000000000003,continuation,True,4,16,3.288199022141395e-07,0.08637433804624137,2.0788999972864985
350,0.25,4.0769230769230775,cold_q0,True,5,21,2.3331850817231674e-06,0.08637288612042149,2.5522999931126833
350,0.25,4.0769230769230775,continuation,True,4,16,3.763509066177369e-07,0.08637288654377764,1.9867999944835901
350,0.25,4.353846153846154,cold_q0,True,5,22,2.850502594479374e-06,0.0863714346179511,2.651499933563173
350,0.25,4.353846153846154,continuation,True,4,17,4.301322885129223e-07,0.0863714350412663,2.4800999090075493
350,0.25,4.630769230769231,cold_q0,True,5,24,3.468615174638821e-06,0.0863699831175104,3.0175999272614717
350,0.25,4.630769230769231,continuation,True,4,19,4.956176280599794e-07,0.08636998353869976,2.549600088968873
350,0.25,4.907692307692308,cold_q0,True,5,25,4.208299946552769e-06,0.08636853161493338,3.0971000669524074
350,0.25,4.907692307692308,continuation,True,4,19,5.710250799476621e-07,0.08636853203609514,2.4618000024929643
350,0.25,5.184615384615385,cold_q0,True,5,26,5.097947179158037e-06,0.08636708011230496,3.266099956817925
350,0.25,5.184615384615385,continuation,True,4,19,6.588646436968954e-07,0.08636708053343149,2.6371999410912395
350,0.25,5.461538461538462,cold_q0,True,5,27,6.179469435258568e-06,0.08636562860962989,3.375299973413348
350,0.25,5.461538461538462,continuation,True,4,21,7.589157713155746e-07,0.08636562903071834,2.6452000020071864
350,0.25,5.7384615384615385,cold_q0,True,6,31,1.1998646640206624e-06,0.08636417752235792,4.030600073747337
350,0.25,5.7384615384615385,continuation,True,4,22,8.661398535169142e-07,0.08636417752796711,2.6944000273942947
350,0.25,6.015384615384616,cold_q0,True,6,34,1.6572305226099065e-06,0.08636272601957146,4.279899992980063
350,0.25,6.015384615384616,continuation,True,5,24,5.469207831782103e-07,0.08636272602374791,3.132499987259507
350,0.25,6.292307692307693,cold_q0,True,6,35,2.3072777381392038e-06,0.086361274516706,4.33380005415529
350,0.25,6.292307692307693,continuation,True,5,26,6.378768330476981e-07,0.08636127452088434,3.604499972425401
350,0.25,6.56923076923077,cold_q0,True,6,38,3.238625910904021e-06,0.08635982301380436,4.584599984809756
350,0.25,6.56923076923077,continuation,True,5,27,7.53428769357145e-07,0.08635982301798079,3.5033999010920525
350,0.25,6.846153846153847,cold_q0,True,7,43,2.691529292212243e-06,0.08635837151496299,5.360199953429401
350,0.25,6.846153846153847,continuation,True,5,29,8.951398582094189e-07,0.08635837151502011,3.7253000773489475
350,0.25,7.1230769230769235,cold_q0,True,7,48,3.947466273758614e-06,0.08635692001195473,5.961299990303814
350,0.25,7.1230769230769235,continuation,True,5,31,1.0813962264529917e-06,0.08635692001201185,4.294700105674565
350,0.25,7.4,cold_q0,True,8,53,2.1033299139323675e-06,0.08635546850893504,7.135899970307946
350,0.25,7.4,continuation,True,6,37,5.082697894651421e-07,0.08635546850893695,4.644299973733723
350,0.25,7.676923076923077,cold_q0,True,8,59,3.5764209817161485e-06,0.0863540170058268,7.338099996559322
350,0.25,7.676923076923077,continuation,True,6,39,7.268321714857412e-07,0.08635401700582586,4.728100029751658
350,0.25,7.953846153846155,cold_q0,True,9,71,4.035217721974515e-06,0.08635256550266432,9.622000041417778
350,0.25,7.953846153846155,continuation,True,7,46,6.729169722172111e-07,0.08635256550266528,5.96039998345077
350,0.25,8.23076923076923,cold_q0,True,10,84,3.924003862177183e-06,0.08635111399945422,10.625299997627735
350,0.25,8.23076923076923,continuation,True,7,53,1.0719377578131198e-06,0.08635111399945326,6.556899985298514
350,0.25,8.507692307692308,cold_q0,True,12,107,3.86989539157972e-06,0.0863496624962013,12.704399996437132
350,0.25,8.507692307692308,continuation,True,9,67,7.631057295707882e-07,0.08634966249619938,8.683199994266033
350,0.25,8.784615384615384,cold_q0,True,15,152,4.971484070354267e-06,0.08634821099288646,18.74379999935627
350,0.25,8.784615384615384,continuation,True,11,89,8.742068937934574e-07,0.08634821099288456,10.743700084276497
350,0.25,9.061538461538461,cold_q0,True,24,288,6.0206299753166146e-06,0.08634675948952786,37.41670004092157
350,0.25,9.061538461538461,continuation,True,16,157,1.3097334304145357e-06,0.08634675948952786,20.821899990551174
350,0.25,9.338461538461539,cold_q0,False,60,3868,0.0005470849107684522,0.08634530798612261,459.9209000589326
350,0.25,9.338461538461539,continuation,False,60,993,1.3851756126717943e-05,0.08634530798612355,117.62489995453507
350,0.5,0.2,cold_q0,True,3,8,2.0888336314007655e-06,0.0863888529645188,1.6752000665292144
350,0.5,0.2,continuation,True,3,8,2.0888336314007655e-06,0.0863888529645188,1.599899958819151
350,0.5,0.47692307692307695,cold_q0,True,3,8,5.203769043372695e-06,0.08638740167425675,1.490799942985177
350,0.5,0.47692307692307695,continuation,True,3,8,2.951888290670566e-06,0.08639170945424358,1.3627000153064728
350,0.5,0.7538461538461538,cold_q0,True,3,9,8.436554790388334e-06,0.0863859503839376,1.8817000091075897
350,0.5,0.7538461538461538,continuation,True,3,9,3.0026515892379452e-06,0.08639025880848057,1.6382000176236033
350,0.5,1.0307692307692309,cold_q0,True,3,9,1.1798078346606297e-05,0.08638449909356224,1.7192000523209572
350,0.5,1.0307692307692309,continuation,True,3,9,3.0560008647642175e-06,0.08638880730655758,1.6954999882727861
350,0.5,1.3076923076923077,cold_q0,True,3,10,1.5300492506824842e-05,0.08638304780313265,1.595200039446354
350,0.5,1.3076923076923077,continuation,True,3,9,3.1121755894912455e-06,0.08638735580449751,1.5014000236988068
350,0.5,1.5846153846153845,cold_q0,True,3,12,1.895758123225569e-05,0.08638163894621936,1.7507999436929822
350,0.5,1.5846153846153845,continuation,True,3,11,3.1843035930192357e-06,0.08638590429953573,1.6193999908864498
350,0.5,1.8615384615384616,cold_q0,True,4,14,2.4372101121779105e-07,0.0863844101151198,2.064300002530217
350,0.5,1.8615384615384616,continuation,True,3,11,3.2717752600343813e-06,0.08638445279738045,1.6444999491795897
350,0.5,2.138461538461539,cold_q0,True,4,14,3.3412888427251534e-07,0.08638295861567678,2.5328999618068337
350,0.5,2.138461538461539,continuation,True,3,11,3.373648913674162e-06,0.08638300129517186,1.963400049135089
350,0.5,2.4153846153846157,cold_q0,True,4,15,4.433129321402349e-07,0.08638150732776617,2.338699996471405
350,0.5,2.4153846153846157,continuation,True,3,12,3.4894958631218704e-06,0.08638154979291757,1.6983000095933676
350,0.5,2.6923076923076925,cold_q0,True,4,17,5.738731470209631e-07,0.08638005582612308,2.897700062021613
350,0.5,2.6923076923076925,continuation,True,4,15,6.379956890553709e-08,0.08638009814907746,2.7632000856101513
350,0.5,2.9692307692307693,cold_q0,True,4,17,7.285541711297184e-07,0.08637860432652679,3.1478999881073833
350,0.5,2.9692307692307693,continuation,True,4,15,7.342758788034147e-08,0.08637864664672988,2.4396999506279826
350,0.5,3.2461538461538466,cold_q0,True,4,17,9.105314596300928e-07,0.08637715282686864,2.410599961876869
350,0.5,3.2461538461538466,continuation,True,4,15,8.401079110331038e-08,0.08637719514432518,2.7750000590458512
350,0.5,3.5230769230769234,cold_q0,True,4,19,1.1235297249701726e-06,0.08637570132719333,2.896800055168569
350,0.5,3.5230769230769234,continuation,True,4,16,9.521917876973232e-08,0.08637574364187288,2.343500033020973
350,0.5,3.8000000000000003,cold_q0,True,5,22,7.045907019358666e-07,0.08637429171597975,3.515699994750321
350,0.5,3.8000000000000003,continuation,True,4,17,9.464938082825173e-08,0.08637429213936726,2.7692000148817897
350,0.5,4.0769230769230775,cold_q0,True,5,22,8.573079345472e-07,0.0863728402134646,3.2841000938788056
350,0.5,4.0769230769230775,continuation,True,4,18,9.690262333491388e-08,0.08637284063681405,2.769600017927587
350,0.5,4.353846153846154,cold_q0,True,5,24,1.0373553764065268e-06,0.08637138871297534,3.690500045195222
350,0.5,4.353846153846154,continuation,True,4,18,1.1335239886197691e-07,0.08637138913420754,2.9792001005262136
350,0.5,4.630769230769231,cold_q0,True,5,24,1.2472753817521096e-06,0.08636993721036121,3.9215999422594905
350,0.5,4.630769230769231,continuation,True,4,19,1.201778648689838e-07,0.08636993763156102,3.688100026920438
350,0.5,4.907692307692308,cold_q0,True,5,26,1.497335380065698e-06,0.0863684857076909,4.164400044828653
350,0.5,4.907692307692308,continuation,True,4,20,1.3760950616489615e-07,0.08636848612885357,3.1571999425068498
350,0.5,5.184615384615385,cold_q0,True,5,28,1.7978828680556612e-06,0.08636703420497108,4.989900044165552
350,0.5,5.184615384615385,continuation,True,4,21,1.5754178138294187e-07,0.08636703462609854,3.1869999365881085
350,0.5,5.461538461538462,cold_q0,True,6,31,2.6601104641989543e-07,0.08636558311770007,4.813199979253113
350,0.5,5.461538461538462,continuation,True,5,23,9.89078257971586e-08,0.08636558312190216,3.8885000394657254
350,0.5,5.7384615384615385,cold_q0,True,6,34,3.585038679752171e-07,0.08636413161486696,5.718500004149973
350,0.5,5.7384615384615385,continuation,True,5,24,1.1466056578575392e-07,0.0863641316190481,4.4009999837726355
350,0.5,6.015384615384616,cold_q0,True,6,35,4.836288330056498e-07,0.08636268011196628,6.340799969621003
350,0.5,6.015384615384616,continuation,True,5,26,1.363192257620362e-07,0.08636268011614455,5.444600014016032
350,0.5,6.292307692307693,cold_q0,True,6,37,6.556797188110653e-07,0.08636122860901227,6.217799964360893
350,0.5,6.292307692307693,continuation,True,5,27,1.6011478043226958e-07,0.0863612286131896,5.3279000567272305
350,0.5,6.56923076923077,cold_q0,True,7,44,5.109219570640364e-07,0.08635977711013951,8.492699940688908
350,0.5,6.56923076923077,continuation,True,5,28,1.9224449836171008e-07,0.08635977711019656,4.720499971881509
350,0.5,6.846153846153847,cold_q0,True,7,46,7.122851350487305e-07,0.08635832560708365,8.842899929732084
350,0.5,6.846153846153847,continuation,True,5,31,2.3627527807889603e-07,0.08635832560713878,5.207499954849482
350,0.5,7.1230769230769235,cold_q0,True,7,50,1.0064536024242708e-06,0.0863568741039792,8.439899887889624
350,0.5,7.1230769230769235,continuation,True,6,36,9.244061924797927e-08,0.08635687410402197,5.316100083291531
350,0.5,7.4,cold_q0,True,8,57,5.148188457509599e-07,0.08635542260086622,8.755900082178414
350,0.5,7.4,continuation,True,6,38,1.2490718585097602e-07,0.0863554226008671,6.027800031006336
350,0.5,7.676923076923077,cold_q0,True,9,67,5.348706192661061e-07,0.08635397109767042,8.936500060372055
350,0.5,7.676923076923077,continuation,True,7,44,1.083474311135346e-07,0.08635397109767223,6.851900019682944
350,0.5,7.953846153846155,cold_q0,True,10,76,4.3346877438427124e-07,0.08635251959441556,10.825500008650124
350,0.5,7.953846153846155,continuation,True,7,50,1.6070280773180128e-07,0.08635251959441645,6.7254999885335565
350,0.5,8.23076923076923,cold_q0,True,11,95,6.251703941693761e-07,0.0863510680911198,13.087500003166497
350,0.5,8.23076923076923,continuation,True,8,59,1.2565410801074357e-07,0.08635106809111875,8.018300053663552
350,0.5,8.507692307692308,cold_q0,True,13,123,6.603022470845807e-07,0.08634961658777071,16.831699991598725
350,0.5,8.507692307692308,continuation,True,9,72,1.7094167181734923e-07,0.08634961658776967,11.057399911805987
350,0.5,8.784615384615384,cold_q0,True,16,173,9.084025288454444e-07,0.08634816508436356,21.420300006866455
350,0.5,8.784615384615384,continuation,True,11,96,2.111188578931535e-07,0.08634816508436347,14.15939989965409
350,0.5,9.061538461538461,cold_q0,True,25,314,1.3612617961607346e-06,0.08634671358091735,41.80180002003908
350,0.5,9.061538461538461,continuation,True,17,171,2.625054083931015e-07,0.08634671358091536,23.980400059372187
350,0.5,9.338461538461539,cold_q0,False,60,2375,1.1572689645044723e-06,0.08634526207741212,301.89440003596246
350,0.5,9.338461538461539,continuation,False,60,1059,3.191739162013438e-06,0.08634526207741015,136.68210001196712
