n,pv_share,scale_mode,lam,base_ok,v_min_base,tpf_conv,k_out,k_in,eps_med,q_max,v_min,v_max,nr_conv
40,0.1,load,0.2,True,0.9994966683520772,True,3.0,8.0,0.0012678805475196725,0.0862708704362639,1.0013242312713584,1.0070933663625616,True
40,0.1,load,0.7538461538461538,True,0.9851011097541859,True,3.0,9.0,0.001329399689558753,0.08586878581280365,0.9901073548138098,1.0043892289781182,True
40,0.1,load,1.3076923076923077,True,0.9682418168181768,True,3.0,10.0,0.0014043568993736847,0.0854658326360552,0.9732530866173997,1.0037142957375464,True
40,0.1,load,1.8615384615384616,True,0.9508040355130392,True,3.0,11.0,0.0014806690788084795,0.08506191635513538,0.9558206681813262,1.0030363030515257,True
40,0.1,load,2.4153846153846157,True,0.9327259717587683,True,3.0,11.0,0.0015624772000015236,0.08465706015728672,0.9377484682037746,1.0023552146354007,True
40,0.1,load,2.9692307692307693,True,0.9139339492459955,True,3.0,12.0,0.00165148637644283,0.0842512469601413,0.9189630447886569,1.001670991069507,True
40,0.1,load,3.5230769230769234,True,0.894338939501203,True,3.0,14.0,0.0017489581473878043,0.08384445789333357,0.8993754557842265,1.0009835919860022,True
40,0.1,load,4.0769230769230775,True,0.8738316685985429,True,4.0,16.0,4.0915394061578606e-05,0.08343821825238854,0.8788748096997482,1.0002930667704129,True
40,0.1,load,4.630769230769231,True,0.8522755142086827,True,4.0,19.0,3.751811220351007e-05,0.08302910351745826,0.8573268662270849,0.9995991737779649,True
40,0.1,load,5.184615384615385,True,0.8294958349923035,True,5.0,22.0,1.650403627340722e-05,0.08261900617666686,0.8345569808327484,0.9989019816312239,True
40,0.1,load,5.7384615384615385,True,0.8052632616320741,True,5.0,25.0,1.4677599757858275e-05,0.08220787161484437,0.8103353531926516,0.9982014442008358,True
40,0.1,load,6.292307692307693,True,0.7792661589772674,True,5.0,29.0,4.4385965695119766e-05,0.08179568942670698,0.7843515235659364,0.9974975169544779,True
40,0.1,load,6.846153846153847,True,0.7510622011308115,True,6.0,36.0,3.758199580883753e-05,0.08138244019982382,0.7561613319623861,0.9967901538067527,True
40,0.1,load,7.4,True,0.719985646543146,True,7.0,45.0,4.920540078361316e-05,0.0809681039322014,0.7251028100636293,0.9960793075821447,True
40,0.1,load,7.953846153846155,True,0.6849476299485401,True,8.0,59.0,5.544356026881171e-05,0.08055266006858047,0.690087345062789,0.9953649299815841,True
40,0.1,load,8.507692307692308,True,0.6439235904511965,True,11.0,94.0,7.038013127652951e-05,0.08013608743012027,0.6490934602134686,0.9946469715414815,True
40,0.1,load,9.061538461538461,True,0.5921767633316337,True,22.0,248.0,0.00012324120497905538,0.07971836420440613,0.5973932040070686,0.9939253815945946,True
40,0.1,load,9.615384615384615,True,0.5090411933429202,False,60.0,8245.0,0.02335713002448317,0.07929946791984162,0.575798945194048,0.9932001082282705,True
40,0.1,load,10.169230769230769,False,,,,,,,,,
40,0.1,load,10.723076923076922,False,,,,,,,,,
40,0.1,load_pv,0.2,True,0.9956067966184621,True,3.0,8.0,0.0012781954102016448,0.0862500509247377,1.0005934623811836,1.004818383803335,True
40,0.1,load_pv,0.7538461538461538,True,0.9832560125322254,True,3.0,9.0,0.0013329830790530194,0.08586235760736326,0.988262281986858,1.0043144259754195,True
40,0.1,load_pv,1.3076923076923077,True,0.9706186571560722,True,3.0,10.0,0.0013992875213628703,0.08547389579249402,0.975629870231283,1.0038079347777218,True
40,0.1,load_pv,1.8615384615384616,True,0.9576740943158676,True,3.0,11.0,0.0014651518997022717,0.08508457285892737,0.9626904851017318,1.003298874764334,True
40,0.1,load_pv,2.4153846153846157,True,0.9443990827955223,True,3.0,11.0,0.0015338364826170854,0.08469441440776887,0.9494210113698834,1.0027872166637821,True
40,0.1,load_pv,2.9692307692307693,True,0.9307672912317954,True,3.0,11.0,0.001606599945931321,0.0843034057405636,0.9357952852826243,1.0022729282431027,True
40,0.1,load_pv,3.5230769230769234,True,0.9167486903257182,True,4.0,14.0,3.302414484327295e-05,0.08391339523882477,0.921782333514684,1.0017560853190406,True
40,0.1,load_pv,4.0769230769230775,True,0.9023087820974038,True,4.0,14.0,3.5556536498427325e-05,0.08352032457845653,0.907349105827842,1.0012364186668103,True
40,0.1,load_pv,4.630769230769231,True,0.8874076094211351,True,4.0,16.0,3.173136855659186e-05,0.083126355168482,0.8924548469153464,1.0007140206230807,True
40,0.1,load_pv,5.184615384615385,True,0.8719984641249989,True,4.0,17.0,2.6218120600971154e-05,0.0827315123143972,0.8770530415903869,1.0001888584788095,True
40,0.1,load_pv,5.7384615384615385,True,0.8560261730998864,True,5.0,20.0,1.0167750155692836e-05,0.08233576441993945,0.8610894633676642,0.9996608954944722,True
40,0.1,load_pv,6.292307692307693,True,0.8394247810418889,True,5.0,22.0,1.8661401687531503e-05,0.081939085362663,0.8444970357900988,0.9991300944527707,True
40,0.1,load_pv,6.846153846153847,True,0.8221143474008566,True,5.0,25.0,3.884038869520436e-05,0.08154146484946818,0.8271966276243461,0.9985964182795125,True
40,0.1,load_pv,7.4,True,0.8039964052839522,True,6.0,28.0,1.923815683322161e-05,0.08114288588188903,0.8090892990581097,0.9980598286842448,True
40,0.1,load_pv,7.953846153846155,True,0.7849473280203151,True,6.0,33.0,3.118880742570603e-05,0.0807433309774485,0.7900519239703535,0.997520286501692,True
40,0.1,load_pv,8.507692307692308,True,0.764808288716651,True,6.0,35.0,5.0803439815841625e-05,0.0803427821726609,0.7699261154941786,0.9969777516647499,True
40,0.1,load_pv,9.061538461538461,True,0.7433693935986373,True,7.0,43.0,4.953393130055098e-05,0.07994122098351338,0.7485030400203491,0.9964321831737339,True
40,0.1,load_pv,9.615384615384615,True,0.7203432326585227,True,8.0,50.0,3.114992819350841e-05,0.07953862839306323,0.7254944616158393,0.9958835390660846,True
40,0.1,load_pv,10.169230769230769,True,0.6953176822994828,True,9.0,61.0,4.503425477518325e-05,0.07913498483062323,0.7004894244997232,0.995331776384301,True
40,0.1,load_pv,10.723076923076922,True,0.6676637359683223,True,10.0,79.0,6.225915097452122e-05,0.0787302701500788,0.6728607132353985,0.9947768511424958,True
40,0.1,pv_only,0.2,True,0.9715483040237699,True,3.0,10.0,0.0013742301619212507,0.08566888930339107,0.9765568627866128,1.0038462803452088,True
40,0.1,pv_only,0.7538461538461538,True,0.9758015521623673,True,3.0,10.0,0.0013659186816795865,0.08568339087524288,0.9808100305973616,1.004014775523233,True
40,0.1,pv_only,1.3076923076923077,True,0.9800054552043045,True,3.0,9.0,0.0013574120711099798,0.08569783526506229,0.9850138623412054,1.0041831831791097,True
40,0.1,pv_only,1.8615384615384616,True,0.9841614118247509,True,3.0,9.0,0.0013491014899782812,0.08571230319131735,0.9891697472181004,1.0043515080553067,True
40,0.1,pv_only,2.4153846153846157,True,0.9880595516722028,True,3.0,9.0,0.0013409833521564225,0.08572675411805547,0.9930792165784611,1.0045197479188417,True
40,0.1,pv_only,2.9692307692307693,True,0.9907757570108969,True,3.0,9.0,0.0013330505418117215,0.08574118806857312,0.9957953270193596,1.0046879028698628,True
40,0.1,pv_only,3.5230769230769234,True,0.9934608810326866,True,3.0,8.0,0.0013253055286108109,0.08575560506036052,0.9984803748930535,1.0048559730079798,True
40,0.1,pv_only,4.0769230769230775,True,0.9961157061856409,True,3.0,10.0,0.0013177122386574063,0.08577004503418124,1.0007674967779867,1.0080653672001363,True
40,0.1,pv_only,4.630769230769231,True,0.9973624632509261,True,3.0,10.0,0.0013102950294944893,0.08578442839736612,1.0012572870110938,1.01232192582369,True
40,0.1,pv_only,5.184615384615385,True,0.9975307568595206,True,3.0,10.0,0.0013030373430343001,0.08579879496558734,1.001740930102816,1.0165350129407829,True
40,0.1,pv_only,5.7384615384615385,True,0.9976989656517274,True,3.0,11.0,0.0012959877874648444,0.0858131447617139,1.0022185544336555,1.0207057143123957,True
40,0.1,pv_only,6.292307692307693,True,0.9978670897270818,True,3.0,11.0,0.0012892567541411993,0.08582747780850633,1.0026902831497568,1.0248350698715258,True
40,0.1,pv_only,6.846153846153847,True,0.9980351291849171,True,3.0,11.0,0.0012827160941413006,0.08584179412872323,1.003049061045067,1.0289240767279622,True
40,0.1,pv_only,7.4,True,0.9982030841243646,True,3.0,11.0,0.0012764633144850053,0.0858560937450661,1.0032170113362666,1.0329736914136125,True
40,0.1,pv_only,7.953846153846155,True,0.9983709546443547,True,3.0,11.0,0.0012703766157188153,0.08587037668016215,1.0033848772178668,1.0369848321587674,True
40,0.1,pv_only,8.507692307692308,True,0.9985387408436162,True,3.0,11.0,0.001264450303847016,0.08588464295661387,1.0035526587885797,1.040958381009916,True
40,0.1,pv_only,9.061538461538461,True,0.9987064428206786,True,3.0,11.0,0.0012586789835135658,0.08589889259696662,1.0037203561469166,1.0448951857871884,True
40,0.1,pv_only,9.615384615384615,True,0.998874060673872,True,3.0,11.0,0.001253057545363725,0.08591312562370862,1.0038879693911893,1.0487960618855567,True
40,0.1,pv_only,10.169230769230769,True,0.9990415945013268,True,3.0,12.0,0.0012475728882604244,0.08592734205926718,1.0040554986195112,1.0526617934557236,True
40,0.1,pv_only,10.723076923076922,True,0.9992090444009756,True,3.0,12.0,0.0012422334756395927,0.08594154192606011,1.0042229439297985,1.056493136918139,True
40,0.25,load,0.2,True,0.9999021809836429,True,3.0,8.0,3.61416659813293e-05,0.08627099400344652,1.0013777271391846,1.0061308174646237,True
40,0.25,load,0.7538461538461538,True,0.9843559886950084,True,3.0,9.0,0.00015050019255881205,0.08591294705204994,0.9893601518143128,1.004451090602671,True
40,0.25,load,1.3076923076923077,True,0.9674700054066787,True,3.0,10.0,0.0002729075680758196,0.08555443590351035,0.9724776302306732,1.003777341178712,True
40,0.25,load,1.8615384615384616,True,0.9500027409617967,True,3.0,11.0,0.000405069129060106,0.0851953816533334,0.9550142619405776,1.0031005476966082,True
40,0.25,load,2.4153846153846157,True,0.9318918787707678,True,4.0,14.0,6.606635892536383e-06,0.08483850331976227,0.9369067744624262,1.0024208290068066,True
40,0.25,load,2.9692307692307693,True,0.9130630725167661,True,4.0,15.0,9.405196952831244e-06,0.08447813680304524,0.9180821334941967,1.0017378195302382,True
40,0.25,load,3.5230769230769234,True,0.8934264180932303,True,4.0,17.0,1.2828416694486509e-05,0.08411727099493317,0.8984499182159088,1.001051652398141,True
40,0.25,load,4.0769230769230775,True,0.8728714715353597,True,4.0,19.0,1.2975070467242505e-05,0.08375589839785928,0.8778994007568856,1.0003622868409066,True
40,0.25,load,4.630769230769231,True,0.8512600055229606,True,5.0,23.0,8.043731355031416e-06,0.08339402327856363,0.8562943967854508,0.9996696818799535,True
40,0.25,load,5.184615384615385,True,0.8284151065814098,True,5.0,25.0,1.4636170708623557e-05,0.08303161365763165,0.8334560026495115,0.99897379342828,True
40,0.25,load,5.7384615384615385,True,0.8041040621889249,True,6.0,31.0,3.4321250596891275e-06,0.08266867561857616,0.8091519916758516,0.9982745787148348,True
40,0.25,load,6.292307692307693,True,0.7780100738723731,True,6.0,35.0,7.2981250841482075e-06,0.08230520130026407,0.7830661256650066,0.997571993143389,True
40,0.25,load,6.846153846153847,True,0.7496823255383672,True,7.0,43.0,9.430763783391813e-06,0.08194118281699694,0.7547482759730418,0.9968659910868884,True
40,0.25,load,7.4,True,0.7184398833769667,True,8.0,54.0,8.437465558748077e-06,0.08157661202864241,0.7235177276370612,0.9961565258417344,True
40,0.25,load,7.953846153846155,True,0.683163203101023,True,9.0,71.0,1.938905288418053e-05,0.08121148059614512,0.6882558909094966,0.9954435495950725,True
40,0.25,load,8.507692307692308,True,0.6417528383748305,True,13.0,114.0,1.8430282802583626e-05,0.0808457799736349,0.646865246982385,0.9947270133871257,True
40,0.25,load,9.061538461538461,True,0.5892119306668592,True,27.0,336.0,4.795145302662129e-05,0.08047950140156547,0.5943560817450113,0.9940068670719989,True
40,0.25,load,9.615384615384615,True,0.5020700046692517,False,60.0,10024.0,0.006627509810282956,0.0801126358991524,0.46916992624392734,0.9932830592767085,True
40,0.25,load,10.169230769230769,False,,,,,,,,,
40,0.25,load,10.723076923076922,False,,,,,,,,,
40,0.25,load_pv,0.2,True,0.9954600640595443,True,3.0,8.0,3.922805420137335e-05,0.08626267832157374,1.0004609846140697,1.0048305885773132,True
40,0.25,load_pv,0.7538461538461538,True,0.9826911147448707,True,3.0,9.0,0.0001518555326524113,0.08591033106507025,0.9876952926140085,1.004361137749554,True
40,0.25,load_pv,1.3076923076923077,True,0.9696168011557812,True,3.0,10.0,0.0002705171038279461,0.08555777774760143,0.9746243911729231,1.0038902088931587,True
40,0.25,load_pv,1.8615384615384616,True,0.9562144462971841,True,3.0,11.0,0.00039629088918823036,0.08520494370752184,0.9612258093944884,1.0034177844750474,True
40,0.25,load_pv,2.4153846153846157,True,0.9424584155070629,True,4.0,14.0,5.948206518848856e-06,0.08485456656377682,0.9474729730953914,1.0029440083942147,True
40,0.25,load_pv,2.9692307692307693,True,0.9283195462947781,True,4.0,13.0,8.79806820671685e-06,0.08450096950993444,0.9333379746383648,1.0024685393665904,True
40,0.25,load_pv,3.5230769230769234,True,0.9137644285944831,True,4.0,16.0,1.2726168083438042e-05,0.08414715329780226,0.918786903290248,1.00199153649814,True
40,0.25,load_pv,4.0769230769230775,True,0.8987544843693446,True,4.0,17.0,1.1998177385666424e-05,0.08379311442671238,0.9037811957146351,1.0015129852828377,True
40,0.25,load_pv,4.630769230769231,True,0.8832447736993746,True,5.0,21.0,6.899894757473162e-06,0.08343886293798285,0.8882766888519569,1.0010328718156183,True
40,0.25,load_pv,5.184615384615385,True,0.8671824209889891,True,5.0,22.0,9.039835479909998e-06,0.0830843711231456,0.8722195299651074,1.0005511796522524,True
40,0.25,load_pv,5.7384615384615385,True,0.8505045020192379,True,5.0,24.0,1.5918410928138138e-05,0.08272965070707612,0.8555474098304087,1.0000678944931805,True
40,0.25,load_pv,6.292307692307693,True,0.8331351473708348,True,5.0,26.0,2.5545155725022795e-05,0.08237469935645472,0.8381847254911255,0.999583000949111,True
40,0.25,load_pv,6.846153846153847,True,0.8149814748823963,True,6.0,30.0,3.6388021461555667e-06,0.08201951471942301,0.8200370606052443,0.9990964833756706,True
40,0.25,load_pv,7.4,True,0.7959277142337065,True,6.0,34.0,6.351304109644426e-06,0.08166409433128843,0.8009905416006396,0.9986083258695025,True
40,0.25,load_pv,7.953846153846155,True,0.7758264326565039,True,7.0,39.0,6.403454735062975e-06,0.08130843577262509,0.7808978142820351,0.998118512261795,True
40,0.25,load_pv,8.507692307692308,True,0.754484894372283,True,7.0,44.0,1.1702376872981028e-05,0.08095253654718297,0.759565989427547,0.9976270261104534,True
40,0.25,load_pv,9.061538461538461,True,0.731642782196352,True,8.0,52.0,7.714083373126217e-06,0.08059639411637712,0.7367344779945411,0.9971338506945677,True
40,0.25,load_pv,9.615384615384615,True,0.7069334742026351,True,9.0,62.0,1.1397773471827408e-05,0.08024000589720323,0.7120379764913087,0.9966389690075231,True
40,0.25,load_pv,10.169230769230769,True,0.6798110435198431,True,10.0,77.0,1.487944772646233e-05,0.07988336926135799,0.6849306681885358,0.9961423637501071,True
40,0.25,load_pv,10.723076923076922,True,0.6493964724112918,True,13.0,108.0,1.6191024194850646e-05,0.07952648153410556,0.6545348027496615,0.9956440173233698,True
40,0.25,pv_only,0.2,True,0.9713940725819987,True,3.0,10.0,0.00020871124380850644,0.08574504493266678,0.976399805262803,1.0038588238308481,True
40,0.25,pv_only,0.7538461538461538,True,0.975227827743755,True,3.0,10.0,0.00020498486325608154,0.08575104499697374,0.9802335130294572,1.0040618827545575,True
40,0.25,pv_only,1.3076923076923077,True,0.979023053126693,True,3.0,9.0,0.00020135458966134606,0.0857569466668105,0.9840286950162959,1.004264595853629,True
40,0.25,pv_only,1.8615384615384616,True,0.982780706376635,True,3.0,9.0,0.0001978370431273701,0.08576282657665536,0.9877863032716071,1.0044669686810077,True
40,0.25,pv_only,2.4153846153846157,True,0.986501705211597,True,3.0,9.0,0.0001943985665721939,0.085768646209899,0.9915072587554652,1.0046690002990715,True
40,0.25,pv_only,2.9692307692307693,True,0.9900708066647003,True,3.0,8.0,0.00019103633463433744,0.0857744058365118,0.9950776803094357,1.004870691955599,True
40,0.25,pv_only,3.5230769230769234,True,0.9926434905337937,True,3.0,8.0,0.0001877448760338531,0.085780105724611,0.997650327535834,1.005240991587832,True
40,0.25,pv_only,4.0769230769230775,True,0.9951913024457251,True,3.0,8.0,0.0001845252771855356,0.08578574613966324,1.0001981035664524,1.0059111409698216,True
40,0.25,pv_only,4.630769230769231,True,0.9977147884763695,True,3.0,9.0,0.00018136874686612762,0.08579132734972832,1.0011082844005241,1.007986247879769,True
40,0.25,pv_only,5.184615384615385,True,1.0001956565034409,True,3.0,10.0,0.00017830896615480396,0.0857968892749677,1.0015661332653436,1.0117295278778058,True
40,0.25,pv_only,5.7384615384615385,True,1.0006468347976412,True,3.0,10.0,0.00017532023108876314,0.08580235425432821,1.0020190243559532,1.0154395663477054,True
40,0.25,pv_only,6.292307692307693,True,1.0010739781619686,True,3.0,10.0,0.00017239934050446775,0.08580776108462952,1.0024670483464622,1.0191170873499893,True
40,0.25,pv_only,6.846153846153847,True,1.0012733241094656,True,3.0,11.0,0.00016954619294092218,0.0858131100187888,1.0029102926661462,1.0227627908821622,True
40,0.25,pv_only,7.4,True,1.0014723397611576,True,3.0,11.0,0.00016675584782393493,0.08581840130821487,1.0033488416491805,1.026377351267611,True
40,0.25,pv_only,7.953846153846155,True,1.0016710262912634,True,3.0,11.0,0.0001640273682170802,0.08582363520183439,1.0037827767504277,1.0299614189009783,True
40,0.25,pv_only,8.507692307692308,True,1.0018693848661988,True,3.0,11.0,0.00016129460618616236,0.08582881194667669,1.0042121766481207,1.0335156211826497,True
40,0.25,pv_only,9.061538461538461,True,1.0020674166446508,True,3.0,11.0,0.0001585379337245185,0.08583393178778424,1.0046371173798396,1.03704056366249,True
40,0.25,pv_only,9.615384615384615,True,1.0022651227776493,True,3.0,11.0,0.00015584444376999366,0.08583899496821576,1.005057672466781,1.0405368311008458,True
40,0.25,pv_only,10.169230769230769,True,1.00246250440864,True,3.0,11.0,0.0001533090721645943,0.08584400172909862,1.0054739130290624,1.0440049884498568,True
40,0.25,pv_only,10.723076923076922,True,1.0026595626735524,True,3.0,11.0,0.00015089361259877472,0.0858489523096122,1.0058859078929732,1.0474455817627624,True
40,0.5,load,0.2,True,1.000015123342771,True,3.0,8.0,3.104693327662948e-05,0.08626735251166254,1.0014847233158732,1.0056482767711752,True
40,0.5,load,0.7538461538461538,True,0.9842326796917691,True,3.0,9.0,0.00012388862276533385,0.08591369387592139,0.9892331806172506,1.0044512543372217,True
40,0.5,load,1.3076923076923077,True,0.9673416753551435,True,3.0,9.0,0.00022139700708591212,0.08555957256290882,0.9723428225700378,1.0037777226415605,True
40,0.5,load,1.8615384615384616,True,0.949868757613217,True,4.0,14.0,6.398400249950745e-07,0.08520809882297806,0.9548701298319112,1.0031013304557723,True
40,0.5,load,2.4153846153846157,True,0.9317514781195502,True,4.0,14.0,1.195496861893036e-06,0.08485278706429968,0.9367533101720241,1.0024216658151308,True
40,0.5,load,2.9692307692307693,True,0.9129153188419447,True,4.0,17.0,2.024971878997925e-06,0.0844970385415561,0.9179175462227469,1.001738886394191,True
40,0.5,load,3.5230769230769234,True,0.8932701474225425,True,4.0,18.0,3.228343312977886e-06,0.08414084698426312,0.8982726712858833,1.0010529523705427,True
40,0.5,load,4.0769230769230775,True,0.8727052094420865,True,5.0,22.0,2.4926582062829603e-06,0.08378422165311121,0.8777087894012092,1.0003638240014094,True
40,0.5,load,4.630769230769231,True,0.8510818437063257,True,5.0,24.0,3.82153024880502e-06,0.08342712392231073,0.856086256755835,0.9996714577294676,True
40,0.5,load,5.184615384615385,True,0.8282225103292377,True,5.0,28.0,5.42500067287167e-06,0.08306956508049042,0.8332283592236331,0.998975812070308,True
40,0.5,load,5.7384615384615385,True,0.8038935556912625,True,6.0,34.0,5.063246988399875e-07,0.08271153871550031,0.8088994077326864,0.9982768435162162,True
40,0.5,load,6.292307692307693,True,0.7777766951837839,True,6.0,37.0,1.0320164746239648e-06,0.082353038071028,0.7827827957022528,0.997574507548912,True
40,0.5,load,6.846153846153847,True,0.7494186097066552,True,7.0,46.0,1.2877874678718728e-06,0.08199405644417251,0.7544268725823379,0.9968687586228128,True
40,0.5,load,7.4,True,0.7181337673566033,True,8.0,57.0,1.1323757403730035e-06,0.08163458689551926,0.7231433227822527,0.9961595501180828,True
40,0.5,load,7.953846153846155,True,0.6827930597844204,True,10.0,78.0,1.0665395492536725e-06,0.0812746223208814,0.6878045381802926,0.9954468343084749,True
40,0.5,load,8.507692307692308,True,0.6412728602427789,True,13.0,126.0,2.2304403394836437e-06,0.08091415544456748,0.6462863980833224,0.994730562323747,True
40,0.5,load,9.061538461538461,True,0.5884881883419257,True,30.0,388.0,3.7205209541402206e-06,0.08055317881388066,0.5935064194846928,0.9940106841106058,True
40,0.5,load,9.615384615384615,True,0.49986713020000245,False,60.0,12167.0,0.002840216549757229,0.08019168479299872,0.4709376332899832,0.9932871483918729,True
40,0.5,load,10.169230769230769,False,,,,,,,,,
40,0.5,load,10.723076923076922,False,,,,,,,,,
40,0.5,load_pv,0.2,True,0.9954356344730239,True,3.0,8.0,3.24722180133947e-05,0.08626321123691408,1.0004356034886086,1.0048305989548032,True
40,0.5,load_pv,0.7538461538461538,True,0.9825973307116074,True,3.0,9.0,0.0001245938650991547,0.08591236303954754,0.9875978335357373,1.0043612858451847,True
40,0.5,load_pv,1.3076923076923077,True,0.9694509173621659,True,3.0,9.0,0.0002201399090813903,0.08556130775731972,0.9744520587452937,1.0038906546739246,True
40,0.5,load_pv,1.8615384615384616,True,0.9559733603839997,True,3.0,12.0,0.0003193805036790117,0.08521008571944129,0.9609757067488754,1.0034186976829975,True
40,0.5,load_pv,2.4153846153846157,True,0.9421385969776318,True,4.0,14.0,1.1118365806562115e-06,0.0848614475333859,0.947140387007137,1.0029455579394944,True
40,0.5,load_pv,2.9692307692307693,True,0.9279169463219472,True,4.0,15.0,1.8049034250515685e-06,0.0845095652880416,0.9329191295137806,1.0024708921667855,True
40,0.5,load_pv,3.5230769230769234,True,0.9132743641430334,True,4.0,17.0,2.7429236423044842e-06,0.0841575153185203,0.9182768623454342,1.0019948646839096,True
40,0.5,load_pv,4.0769230769230775,True,0.8981714872143799,True,5.0,19.0,2.0036273234475983e-06,0.0838053118605349,0.903174823627409,1.0015174645196685,True
40,0.5,load_pv,4.630769230769231,True,0.882562390594456,True,5.0,22.0,2.8220908410542882e-06,0.08345292021885725,0.8875663925274792,1.0010386775393745,True
40,0.5,load_pv,5.184615384615385,True,0.8663929444671751,True,5.0,24.0,3.906216677189267e-06,0.08310035681977612,0.8713977403340697,1.0005584925322488,True
40,0.5,load_pv,5.7384615384615385,True,0.8495986003745847,True,5.0,24.0,5.364994565672726e-06,0.08274762011627564,0.8546043107668918,1.0000768970032559,True
40,0.5,load_pv,6.292307692307693,True,0.8321013443170533,True,6.0,30.0,2.9265693749608944e-07,0.08239470858975571,0.8371074269048946,0.999593878274083,True
40,0.5,load_pv,6.846153846153847,True,0.8138053977830216,True,6.0,33.0,5.068210055115053e-07,0.08204162053352757,0.8188121377657871,0.999109423466114,True
40,0.5,load_pv,7.4,True,0.7945909738738441,True,6.0,37.0,8.894800666452708e-07,0.0816883543939056,0.7995979542320342,0.9986235195072259,True
40,0.5,load_pv,7.953846153846155,True,0.7743048902152928,True,7.0,43.0,8.911130455958616e-07,0.08133490852806853,0.779313913175565,0.9981361531186439,True
40,0.5,load_pv,8.507692307692308,True,0.7527458566118619,True,8.0,48.0,4.819537443521854e-07,0.0809812812665746,0.7577561076553416,0.9976473108126767,True
40,0.5,load_pv,9.061538461538461,True,0.729640200230647,True,8.0,54.0,1.0916485458856186e-06,0.08062747091477841,0.734651375434787,0.9971569788884576,True
40,0.5,load_pv,9.615384615384615,True,0.7045991147915502,True,9.0,69.0,1.5940279847116747e-06,0.08027347575094085,0.7096128720679895,0.9966651434269054,True
40,0.5,load_pv,10.169230769230769,True,0.6770366367996783,True,11.0,90.0,1.3762611601750014e-06,0.07991929402600745,0.6820515522616523,0.9961717902858486,True
40,0.5,load_pv,10.723076923076922,True,0.6459924754463633,True,14.0,125.0,1.3927729151085176e-06,0.07956492396295343,0.6510098127010088,0.9956769050949467,True
40,0.5,pv_only,0.2,True,0.9713682257206301,True,3.0,10.0,0.00016936918720102687,0.08575192310673173,0.9763689964889486,1.0038588965942687,True
40,0.5,pv_only,0.7538461538461538,True,0.9751323823545727,True,3.0,9.0,0.00016745838298344253,0.08575500073782462,0.9801331423513161,1.0040621021249132,True
40,0.5,pv_only,1.3076923076923077,True,0.978860816777962,True,3.0,9.0,0.00016558316265802162,0.08575804842788311,0.9838615700625106,1.0042648837368426,True
40,0.5,pv_only,1.8615384615384616,True,0.982554368302036,True,3.0,9.0,0.00016374237409821752,0.0857610274173111,0.9875551149365955,1.0044672409355824,True
40,0.5,pv_only,2.4153846153846157,True,0.9862138431853611,True,3.0,8.0,0.00016193479918672577,0.08576393804572978,0.9912145831734426,1.0046691754545212,True
40,0.5,pv_only,2.9692307692307693,True,0.9898400164163838,True,3.0,8.0,0.0001601595582592098,0.08576678064984866,0.9948407495984661,1.0049304870005273,True
40,0.5,pv_only,3.5230769230769234,True,0.9933356815034199,True,3.0,8.0,0.00015841566384569003,0.08576955556311187,0.9983383681100632,1.0056682968840214,True
40,0.5,pv_only,4.0769230769230775,True,0.9966283297410571,True,3.0,8.0,0.00015670251996638778,0.08577226311563674,1.0007560575692942,1.006404760991984,True
40,0.5,pv_only,4.630769230769231,True,0.9992447089004841,True,3.0,8.0,0.0001550203897045675,0.08577490363414916,1.0012199900493912,1.0071398854139726,True
40,0.5,pv_only,5.184615384615385,True,1.0002020565608465,True,3.0,9.0,0.0001533617381906766,0.08577747746119535,1.0016789737502896,1.009293840566135,True
40,0.5,pv_only,5.7384615384615385,True,1.0006545151911068,True,3.0,10.0,0.00015173387779186362,0.085780026707687,1.0021330977222924,1.0127632051258293,True
40,0.5,pv_only,6.292307692307693,True,1.0010712325529159,True,3.0,10.0,0.00015013251565716552,0.0857824701340234,1.00258244601306,1.016203360692974,True
40,0.5,pv_only,6.846153846153847,True,1.0012698462128593,True,3.0,10.0,0.00014855698882555168,0.08578484812550452,1.003027101443569,1.019614905194933,True
40,0.5,pv_only,7.4,True,1.0014680521944344,True,3.0,11.0,0.00014700915581087722,0.08578716099190187,1.0034671436203138,1.0229984148799514,True
40,0.5,pv_only,7.953846153846155,True,1.0016658521055062,True,3.0,11.0,0.00014548470963576164,0.08578940904253583,1.0039026494820913,1.026354446082146,True
40,0.5,pv_only,8.507692307692308,True,1.001863247542082,True,3.0,11.0,0.00014398444279976254,0.08579159258201624,1.0043336934969824,1.0296835366444637,True
40,0.5,pv_only,9.061538461538461,True,1.0020602400884344,True,3.0,11.0,0.00014250374573710904,0.08579371191280334,1.0047603477326927,1.0329862065125364,True
40,0.5,pv_only,9.615384615384615,True,1.0022568313172207,True,3.0,11.0,0.0001410474842616351,0.08579576733466787,1.0051826819691123,1.0362629585850351,True
40,0.5,pv_only,10.169230769230769,True,1.0024530227896022,True,3.0,11.0,0.0001396186545755957,0.08579775914473795,1.0056007638001099,1.0395142794956007,True
40,0.5,pv_only,10.723076923076922,True,1.0026488160553613,True,3.0,11.0,0.00013821731630146405,0.08579968763747498,1.0060146587278551,1.0427406403352886,True
120,0.1,load,0.2,True,0.9999928830043316,True,3.0,8.0,1.0908163888653989e-05,0.08638148007418839,0.9999928830043316,1.0058824315650976,True
120,0.1,load,0.7538461538461538,True,0.9844717799717337,True,3.0,9.0,5.034986184423634e-05,0.08635192960412867,0.9894720220523632,1.0050086499165023,True
120,0.1,load,1.3076923076923077,True,0.96758936500278,True,3.0,10.0,9.304569156103808e-05,0.08632242123245228,0.9725899946323042,1.004995513798048,True
120,0.1,load,1.8615384615384616,True,0.9501293229662339,True,3.0,11.0,0.00013881245749964736,0.08629287041888194,0.9551304559511988,1.004982374750713,True
120,0.1,load,2.4153846153846157,True,0.9320296645098464,True,3.0,11.0,0.00018830736146309058,0.08626331948138068,0.9370315567591073,1.0049692352051067,True
120,0.1,load,2.9692307692307693,True,0.9132164109050833,True,4.0,15.0,3.7656631865533407e-06,0.08623794856512444,0.9182180621653223,1.0049563364940999,True
120,0.1,load,3.5230769230769234,True,0.8936000691746224,True,4.0,17.0,6.154744309564046e-06,0.08620838927319571,0.8986020940469926,1.004943195487744,True
120,0.1,load,4.0769230769230775,True,0.8730706504190725,True,4.0,18.0,9.620627856613962e-06,0.08617883007447388,0.8780729466710206,1.0049300539954311,True
120,0.1,load,4.630769230769231,True,0.8514904197975548,True,4.0,20.0,1.3514743455955029e-05,0.0861492705526819,0.8564925680503802,1.0049169120050678,True
120,0.1,load,5.184615384615385,True,0.828682971037822,True,5.0,22.0,9.573331089932205e-06,0.08611975183990486,0.8336865101505517,1.004903771855735,True
120,0.1,load,5.7384615384615385,True,0.8044160531308058,True,5.0,24.0,1.1557830232848507e-05,0.08609019198304654,0.8094204239554624,1.0048906288513717,False
120,0.1,load,6.292307692307693,True,0.7783731320981102,True,6.0,31.0,4.680923330304283e-06,0.08606063240981875,0.7833781173808518,1.0048774853718951,False
120,0.1,load,6.846153846153847,True,0.7501030746326914,True,6.0,37.0,9.41327515487261e-06,0.08603107231863609,0.7551086687055452,1.0048643413709706,False
120,0.1,load,7.4,True,0.7189230024383572,True,7.0,46.0,1.2341470542651282e-05,0.08600151211582524,0.7239298195200615,1.004851196872005,False
120,0.1,load,7.953846153846155,True,0.6837065821880973,True,9.0,66.0,9.880770815248935e-06,0.0859719517935836,0.6887144960396038,1.0048380518744948,False
120,0.1,load,8.507692307692308,True,0.6423304805707399,True,12.0,104.0,1.1765228013631271e-05,0.08594239135574205,0.6473404933415874,1.004824906378608,False
120,0.1,load,9.061538461538461,True,0.5896866587464406,True,27.0,314.0,2.0629087321576773e-05,0.08591283080233578,0.5946984286896148,1.0048117603842939,False
120,0.1,load,9.615384615384615,True,0.500544869717856,False,60.0,11602.0,0.005202860713104024,0.08588327013334006,0.45611457759439433,1.0047986138914977,False
120,0.1,load,10.169230769230769,False,,,,,,,,,
120,0.1,load,10.723076923076922,False,,,,,,,,,
120,0.1,load_pv,0.2,True,0.9954822219757564,True,3.0,8.0,1.3217783315212618e-05,0.0863796429652288,0.9999928830043316,1.0050003631835045,True
120,0.1,load_pv,0.7538461538461538,True,0.9827778075512802,True,3.0,9.0,5.122454668307584e-05,0.08635136432460852,0.9877780504713591,1.0050020576066567,True
120,0.1,load_pv,1.3076923076923077,True,0.9697729969888389,True,3.0,10.0,9.17175660476433e-05,0.08632312785040273,0.9747736252125403,1.0050037542731995,True
120,0.1,load_pv,1.8615384615384616,True,0.9564455410573212,True,3.0,11.0,0.00013427770671937644,0.08629484900226464,0.9614466666854764,1.0050054483272535,True
120,0.1,load_pv,2.4153846153846157,True,0.9427702909024289,True,3.0,11.0,0.00017928678909399505,0.08626657009850096,0.9477721442776502,1.0050071421995153,True
120,0.1,load_pv,2.9692307692307693,True,0.9287186390054047,True,4.0,15.0,3.4451744056726016e-06,0.08624247106938988,0.9337202358444173,1.0050090771979006,True
120,0.1,load_pv,3.5230769230769234,True,0.9142578133809591,True,4.0,15.0,5.02884362345856e-06,0.08621418389138316,0.9192597364787134,1.0050107702357405,True
120,0.1,load_pv,4.0769230769230775,True,0.8993499748702103,True,4.0,15.0,7.848010098249624e-06,0.08618589666695484,0.9043522165283385,1.0050124630923203,True
120,0.1,load_pv,4.630769230769231,True,0.8839510459429786,True,4.0,18.0,1.0799806524061457e-05,0.08615760960011934,0.8889534585643696,1.0050141557793568,True
120,0.1,load_pv,5.184615384615385,True,0.8680091664696739,True,5.0,20.0,7.308543382646428e-06,0.08612936319797879,0.8730124295693004,1.0050158506354367,True
120,0.1,load_pv,5.7384615384615385,True,0.8514626198549687,True,5.0,20.0,9.731239467856696e-06,0.08610107572670726,0.8564663783002215,1.0050175429420243,True
120,0.1,load_pv,6.292307692307693,True,0.8342369890037209,True,5.0,24.0,1.1156199228152294e-05,0.0860727882111847,0.8392414577995696,1.0050192350674725,True
120,0.1,load_pv,6.846153846153847,True,0.8162411607668874,True,5.0,25.0,1.3187761269271902e-05,0.08604450064743932,0.8212464190831034,1.0050209270115524,False
120,0.1,load_pv,7.4,True,0.7973615513152341,True,6.0,30.0,4.810787617695196e-06,0.08601621343586686,0.8023670701463097,1.0050226187973779,False
120,0.1,load_pv,7.953846153846155,True,0.7774534763798476,True,6.0,34.0,8.25222219469862e-06,0.08598792577838148,0.782459456823716,1.0050243103788734,False
120,0.1,load_pv,8.507692307692308,True,0.7563277236052369,True,7.0,40.0,8.379627324460225e-06,0.08595963807852239,0.7613346658575461,1.0050260017793349,False
120,0.1,load_pv,9.061538461538461,True,0.7337285968190881,True,7.0,44.0,1.4813362334068895e-05,0.08593135032852886,0.7387367773009772,1.0050276929983133,False
120,0.1,load_pv,9.615384615384615,True,0.7092956968234277,True,8.0,55.0,1.1758460564838883e-05,0.0859030625323365,0.714304551253343,1.005029384036035,False
120,0.1,load_pv,10.169230769230769,True,0.6824917227493768,True,9.0,69.0,1.765482846062438e-05,0.08587477468987484,0.6875029356480163,1.0050310748924947,False
120,0.1,load_pv,10.723076923076922,True,0.6524499252938735,True,12.0,95.0,1.222194928017089e-05,0.08584648680117438,0.6574622729414925,1.005032765567694,False
120,0.1,pv_only,0.2,True,0.9714171458948957,True,3.0,10.0,7.20926774592428e-05,0.0863370009814691,0.9764175555236361,1.0049813872565259,True
120,0.1,pv_only,0.7538461538461538,True,0.9753156265889328,True,3.0,10.0,6.990967864565611e-05,0.08633827299866942,0.9803160342565218,1.0049962206472631,True
120,0.1,pv_only,1.3076923076923077,True,0.9791767496436249,True,3.0,10.0,6.776834427419649e-05,0.08633954488473024,0.9841771549388183,1.0050110533779824,True
120,0.1,pv_only,1.8615384615384616,True,0.9829916328829585,True,3.0,9.0,6.564055015769635e-05,0.08634077436436306,0.9879925191737733,1.005025883020574,True
120,0.1,pv_only,2.4153846153846157,True,0.986720632578669,True,3.0,9.0,6.354522005185284e-05,0.08634204598747089,0.9917215108748427,1.0050407144314568,True
120,0.1,pv_only,2.9692307692307693,True,0.9904153305488053,True,3.0,8.0,6.151358021827179e-05,0.08634331747875283,0.9954162009265478,1.0050555451824843,True
120,0.1,pv_only,3.5230769230769234,True,0.9940680936587334,True,3.0,8.0,5.9542909952489254e-05,0.08634458883822412,0.9990689957388961,1.005070375273726,True
120,0.1,pv_only,4.0769230769230775,True,0.997414519694531,True,3.0,8.0,5.763217476249029e-05,0.08634586006589236,0.9999644140205498,1.0050852047052494,True
120,0.1,pv_only,4.630769230769231,True,0.9997453864800658,True,3.0,9.0,5.571775159360043e-05,0.08634717344814169,0.9999644140205498,1.0068544301159177,True
120,0.1,pv_only,5.184615384615385,True,0.9999644140205498,True,3.0,10.0,5.382193877705376e-05,0.08634844441669541,0.9999644140205498,1.0105059524480653,True
120,0.1,pv_only,5.7384615384615385,True,0.9999644140205498,True,3.0,10.0,5.1964065130713566e-05,0.08634971525423626,0.9999644140205498,1.0141262081705842,True
120,0.1,pv_only,6.292307692307693,True,0.9999644140205498,True,3.0,10.0,5.013646680358714e-05,0.08635098596078138,0.9999644140205498,1.0177158607740497,True
120,0.1,pv_only,6.846153846153847,True,0.9999644140205498,True,3.0,10.0,4.833800744525622e-05,0.08635225653636122,0.9999644140205498,1.0212755503979771,True
120,0.1,pv_only,7.4,True,0.9999644140205498,True,3.0,11.0,4.660379918396767e-05,0.08635352698097007,0.9999644140205498,1.0248058948335907,True
120,0.1,pv_only,7.953846153846155,True,0.9999644140205498,True,3.0,11.0,4.4958695877492814e-05,0.08635479729462507,0.9999644140205498,1.028307489982478,True
120,0.1,pv_only,8.507692307692308,True,0.9999644140205498,True,3.0,11.0,4.3404258477804705e-05,0.0863560674773624,0.9999644140205498,1.0317809116652013,True
120,0.1,pv_only,9.061538461538461,True,0.9999644140205498,True,3.0,11.0,4.188713629173188e-05,0.08635733752916872,0.9999644140205498,1.0352267161566904,True
120,0.1,pv_only,9.615384615384615,True,0.9999644140205498,True,3.0,11.0,4.040614062376214e-05,0.08635860745009735,0.9999644140205498,1.038645441155213,True
120,0.1,pv_only,10.169230769230769,True,0.9999644140205498,True,3.0,11.0,3.896014331066387e-05,0.08635987724012543,0.9999644140205498,1.0420376066537829,True
120,0.1,pv_only,10.723076923076922,True,0.9999644140205498,True,3.0,11.0,3.7548074606969786e-05,0.0863611468992987,0.9999644140205498,1.0454037157415639,True
120,0.25,load,0.2,True,0.9999928830043316,True,3.0,8.0,7.718561543764565e-06,0.08638030562043321,0.9999928830043316,1.0057174876407222,True
120,0.25,load,0.7538461538461538,True,0.984344109239724,True,3.0,9.0,3.200354607085392e-05,0.08635131848091883,0.9893440398663385,1.0050050646765012,True
120,0.25,load,1.3076923076923077,True,0.9674555744504146,True,3.0,10.0,5.773620141516338e-05,0.08632237347323457,0.9724558151718653,1.0049901576502083,True
120,0.25,load,1.8615384615384616,True,0.9499887402990795,True,3.0,12.0,8.568938664623921e-05,0.08629338605713925,0.9549898374280577,1.0049770198588355,True
120,0.25,load,2.4153846153846157,True,0.9318814896944344,True,4.0,14.0,1.8178452377939541e-06,0.08626858685745856,0.9368816278927945,1.0049641209288327,True
120,0.25,load,2.9692307692307693,True,0.9130596798235592,True,4.0,16.0,2.5673783691107334e-06,0.08623959136917161,0.9180597711339888,1.0049509804680554,True
120,0.25,load,3.5230769230769234,True,0.8934336028721137,True,4.0,18.0,4.511650309477232e-06,0.0862105955902579,0.8984335681337737,1.0049378394972808,True
120,0.25,load,4.0769230769230775,True,0.8728929823044651,True,5.0,21.0,3.602975374675172e-06,0.08618164087182427,0.8778932917287289,1.0049247004037691,True
120,0.25,load,4.630769230769231,True,0.8512996878658015,True,5.0,25.0,4.8032619475886984e-06,0.08615264483197009,0.8563001410477885,1.0049115584312156,True
120,0.25,load,5.184615384615385,True,0.828476752153675,True,5.0,26.0,6.961769667213098e-06,0.0861236487107072,0.8334773862684081,1.0048984159605074,True
120,0.25,load,5.7384615384615385,True,0.8041910962000959,True,6.0,31.0,1.5515308331800422e-06,0.08609465291260962,0.8091916914058578,1.0048852730149482,True
120,0.25,load,6.292307692307693,True,0.7781249029806534,True,6.0,36.0,3.114703831344873e-06,0.08606565663136437,0.7831254094178227,1.0048721295479308,False
120,0.25,load,6.846153846153847,True,0.7498249203529699,True,7.0,44.0,3.802958818430254e-06,0.08603666027463948,0.7548256632460735,1.0048589855829404,False
120,0.25,load,7.4,True,0.7186044566700539,True,8.0,56.0,3.269640772617222e-06,0.08600766383461995,0.7236053179389194,1.0048458411194714,False
120,0.25,load,7.953846153846155,True,0.6833294114815408,True,9.0,72.0,6.24327121772883e-06,0.08597866731516335,0.6883302595098119,1.0048326961576932,False
120,0.25,load,8.507692307692308,True,0.6418572168979572,True,13.0,118.0,5.110340902397509e-06,0.08594967071628959,0.6468579027289537,1.0048195506975544,False
120,0.25,load,9.061538461538461,True,0.5890109000376059,True,29.0,362.0,1.0876897562695484e-05,0.08592067403800921,0.5940118329680558,1.004806404739001,False
120,0.25,load,9.615384615384615,True,0.49864931361183507,False,60.0,12197.0,0.0018479151327911833,0.08589167728030501,0.4854367487850947,1.0047932582819794,False
120,0.25,load,10.169230769230769,False,,,,,,,,,
120,0.25,load,10.723076923076922,False,,,,,,,,,
120,0.25,load_pv,0.2,True,0.9954573124793614,True,3.0,8.0,8.377766527506871e-06,0.08637957080635157,0.9999928830043316,1.0049992919148274,True
120,0.25,load_pv,0.7538461538461538,True,0.982680957449735,True,3.0,9.0,3.227904353053394e-05,0.08635109236777642,0.9876808877607796,1.0049980198403783,True
120,0.25,load_pv,1.3076923076923077,True,0.9695994618513192,True,3.0,10.0,5.728685674762692e-05,0.08632265613448611,0.9745997002852198,1.0049967501434967,True
120,0.25,load_pv,1.8615384615384616,True,0.9561900025621819,True,3.0,12.0,8.401337528410094e-05,0.08629417756613192,0.961191025827545,1.0049954791919986,True
120,0.25,load_pv,2.4153846153846157,True,0.9424267522617223,True,4.0,14.0,1.7586242916462837e-06,0.08626988716598373,0.947426885541096,1.0049944475403048,True
120,0.25,load_pv,2.9692307692307693,True,0.9282802941814402,True,4.0,14.0,2.4063389962391324e-06,0.08624140041897342,0.9332804306422894,1.004993174807377,True
120,0.25,load_pv,3.5230769230769234,True,0.9137168815270763,True,4.0,16.0,3.6363186508865368e-06,0.08621291387526732,0.9187168989156186,1.0049919020412992,True
120,0.25,load_pv,4.0769230769230775,True,0.8986974878800693,True,4.0,18.0,5.724117148669848e-06,0.0861844271165721,0.9036971064706801,1.004990629229995,True
120,0.25,load_pv,4.630769230769231,True,0.8831765716422825,True,5.0,21.0,3.941974751870786e-06,0.08615598138138589,0.8881769289525449,1.0049893587184078,True
120,0.25,load_pv,5.184615384615385,True,0.8671004417045168,True,5.0,23.0,5.215545036214508e-06,0.08612749450912993,0.872100866891378,1.0049880857990448,True
120,0.25,load_pv,5.7384615384615385,True,0.8504050544976105,True,5.0,24.0,7.064477270402106e-06,0.08609900763459295,0.8554057266954428,1.0049868128347452,True
120,0.25,load_pv,6.292307692307693,True,0.8330129802784055,True,5.0,27.0,9.512720483514912e-06,0.08607052075374419,0.8380142874769743,1.0049855398253922,True
120,0.25,load_pv,6.846153846153847,True,0.8148291199701317,True,6.0,30.0,1.6293887338967789e-06,0.08604203426838644,0.8198297782110868,1.004984266793835,True
120,0.25,load_pv,7.4,True,0.795734479476456,True,6.0,34.0,2.8263208465294756e-06,0.0860135473776768,0.800734989242967,1.0049829936941848,False
120,0.25,load_pv,7.953846153846155,True,0.7755768013677868,True,7.0,38.0,2.7953032150757617e-06,0.08598506048655212,0.7805773720952032,1.004981720549707,False
120,0.25,load_pv,8.507692307692308,True,0.7541558656196488,True,7.0,44.0,4.9339223687772105e-06,0.08595657358722877,0.7591568888552207,1.004980447359943,False
120,0.25,load_pv,9.061538461538461,True,0.731199202827622,True,8.0,54.0,3.116577129477765e-06,0.08592808668364618,0.736200131424183,1.0049791741251275,False
120,0.25,load_pv,9.615384615384615,True,0.7063192464816402,True,9.0,65.0,4.476769118417858e-06,0.08589959977573573,0.711320422630562,1.0049779008452535,False
120,0.25,load_pv,10.169230769230769,True,0.6789309287229285,True,10.0,81.0,5.438562340899892e-06,0.08587111286354508,0.6839321965475722,1.0049766275203227,False
120,0.25,load_pv,10.723076923076922,True,0.6480730916688382,True,13.0,114.0,5.455313077965009e-06,0.08584262594705906,0.6530745068995601,1.0049753541503343,False
120,0.25,pv_only,0.2,True,0.9713905323177953,True,3.0,10.0,4.4275916588041014e-05,0.08633774256157568,0.9763905715003318,1.0049803159975836,True
120,0.25,pv_only,0.7538461538461538,True,0.9752167586972273,True,3.0,10.0,4.356342170461906e-05,0.08633825142449743,0.9802167967856911,1.0049921828917172,True
120,0.25,pv_only,1.3076923076923077,True,0.9790076890436873,True,3.0,9.0,4.286374201751413e-05,0.0863387179138172,0.9840077258947572,1.0050061941861435,True
120,0.25,pv_only,1.8615384615384616,True,0.9827641491762666,True,3.0,9.0,4.217632139212105e-05,0.08633922658015111,0.9877641844394875,1.0050239929348448,True
120,0.25,pv_only,2.4153846153846157,True,0.9864847511130219,True,3.0,9.0,4.1500784688173806e-05,0.08633973514728045,0.9914849000556981,1.005041790874021,True
120,0.25,pv_only,2.9692307692307693,True,0.990168636996719,True,3.0,8.0,4.0836772620841735e-05,0.08634024361523004,0.9951687824597217,1.005059588003763,True
120,0.25,pv_only,3.5230769230769234,True,0.9938203872200383,True,3.0,8.0,4.0183890265214946e-05,0.08634075198399799,0.9988205285758333,1.0050773843241618,True
120,0.25,pv_only,4.0769230769230775,True,0.9971345496510672,True,3.0,8.0,3.954196199110334e-05,0.0863412602536147,0.9999644140205498,1.0050951798353083,True
120,0.25,pv_only,4.630769230769231,True,0.9999644140205498,True,3.0,8.0,3.8911001490710943e-05,0.08634176842404975,0.9999644140205498,1.0061056445019203,True
120,0.25,pv_only,5.184615384615385,True,0.9999644140205498,True,3.0,10.0,3.8288398220089957e-05,0.08634231877780497,0.9999644140205498,1.0096766562859338,True
120,0.25,pv_only,5.7384615384615385,True,0.9999644140205498,True,3.0,10.0,3.767663619034997e-05,0.08634282675342195,0.9999644140205498,1.0132181253986592,True
120,0.25,pv_only,6.292307692307693,True,0.9999644140205498,True,3.0,10.0,3.7074359329164694e-05,0.08634333463048936,0.9999644140205498,1.016730662439395,True
120,0.25,pv_only,6.846153846153847,True,0.9999644140205498,True,3.0,10.0,3.6481247121157486e-05,0.08634384240906816,0.9999644140205498,1.0202148573065069,True
120,0.25,pv_only,7.4,True,0.9999644140205498,True,3.0,11.0,3.589779332899264e-05,0.0863443500891279,0.9999644140205498,1.0236712798367038,True
120,0.25,pv_only,7.953846153846155,True,0.9999644140205498,True,3.0,11.0,3.5371067702190605e-05,0.08634485767071995,0.9999644140205498,1.027100480244636,True
120,0.25,pv_only,8.507692307692308,True,0.9999644140205498,True,3.0,11.0,3.486601175289752e-05,0.08634536515384435,0.9999644140205498,1.0305029906586198,True
120,0.25,pv_only,9.061538461538461,True,0.9999644140205498,True,3.0,11.0,3.4371472956525974e-05,0.08634587253849346,0.9999644140205498,1.0338793255872307,True
120,0.25,pv_only,9.615384615384615,True,0.9999644140205498,True,3.0,11.0,3.3887129232389576e-05,0.08634637982469395,0.9999644140205498,1.0372299828337432,True
120,0.25,pv_only,10.169230769230769,True,0.9999644140205498,True,3.0,11.0,3.34095519666224e-05,0.08634688701247244,0.9999644140205498,1.040555444195446,True
120,0.25,pv_only,10.723076923076922,True,0.9999644140205498,True,3.0,11.0,3.2945673293666456e-05,0.08634739410180803,0.9999644140205498,1.0438561761983334,True
120,0.5,load,0.2,True,1.0000006117251543,True,3.0,8.0,7.394789184129043e-06,0.0863798463858745,1.0024973510531545,1.0057015359636328,True
120,0.5,load,0.7538461538461538,True,0.9843335763659553,True,3.0,9.0,2.9606970648290985e-05,0.08635085916806828,0.9893335101824939,1.0049925810205738,True
120,0.5,load,1.3076923076923077,True,0.9674451036002073,True,3.0,10.0,5.3305083258017206e-05,0.08632187185904866,0.9724455536647835,1.0049794432781471,True
120,0.5,load,1.8615384615384616,True,0.949978336097875,True,4.0,14.0,1.1066995901738341e-07,0.08629712304962447,0.9549784411299027,1.0049665472778426,True
120,0.5,load,2.4153846153846157,True,0.9318711571061389,True,4.0,15.0,1.9039414397203033e-07,0.08626812756255803,0.9368712420359467,1.0049534068562576,True
120,0.5,load,2.9692307692307693,True,0.913049424104411,True,4.0,17.0,2.951076956102661e-07,0.08623913178423263,0.9180494053586954,1.004940265924641,True
120,0.5,load,3.5230769230769234,True,0.8934234294584754,True,4.0,19.0,4.2732411226657697e-07,0.08621013592845221,0.8984228207639497,1.0049271245071567,True
120,0.5,load,4.0769230769230775,True,0.8728828965782376,True,5.0,22.0,3.004425201702128e-07,0.08618118113184478,0.8778831998593717,1.0049139849429394,True
120,0.5,load,4.630769230769231,True,0.8512896946896293,True,5.0,24.0,3.9830346851071983e-07,0.08615218501299901,0.856290217813473,1.004900842511508,True
120,0.5,load,5.184615384615385,True,0.8284668549609315,True,5.0,28.0,5.210327925740214e-07,0.08612318881276551,0.8334681584021731,1.0048876995819909,True
120,0.5,load,5.7384615384615385,True,0.8041812951879572,True,6.0,34.0,3.856941772506766e-08,0.08609419293570493,0.8091817427149479,1.0048745561773416,True
120,0.5,load,6.292307692307693,True,0.7781151913921018,True,6.0,37.0,8.591868908611517e-08,0.08606519657541671,0.7831149608601325,1.0048614122512995,True
120,0.5,load,6.846153846153847,True,0.7498152763639031,True,7.0,47.0,1.0880851763268721e-07,0.0860362001396907,0.7548160633895912,1.0048482678272348,False
120,0.5,load,7.4,True,0.7185948240479227,True,8.0,59.0,5.130925133718157e-08,0.08600720362064819,0.7235956750992598,1.0048351229046433,False
120,0.5,load,7.953846153846155,True,0.6833196468618148,True,10.0,80.0,4.9470897925887536e-08,0.08597820702215242,0.6883207591134687,1.0048219774836937,False
120,0.5,load,8.507692307692308,True,0.6418469113690601,True,13.0,128.0,9.919129976682785e-08,0.0859492103442471,0.6468477020764248,1.0048088315643344,False
120,0.5,load,9.061538461538461,True,0.5889984698110304,True,31.0,416.0,1.5332025453235406e-07,0.08592021358691515,0.5939991471530524,1.0047956851465116,False
120,0.5,load,9.615384615384615,True,0.49861245857614456,False,60.0,12591.0,0.0009114680498228753,0.0858912167501623,0.5828986834244766,1.0047825382301714,False
120,0.5,load,10.169230769230769,False,,,,,,,,,
120,0.5,load,10.723076923076922,False,,,,,,,,,
120,0.5,load_pv,0.2,True,0.9954551777239452,True,3.0,8.0,7.734165659679822e-06,0.08637947894003951,1.0004549601407309,1.0049971493535865,True
120,0.5,load_pv,0.7538461538461538,True,0.982672997088991,True,3.0,9.0,2.9778100783804437e-05,0.08635074609405352,0.9876729303014876,1.0049899439744405,True
120,0.5,load_pv,1.3076923076923077,True,0.9695858151423523,True,3.0,10.0,5.298443261827015e-05,0.08632201321879528,0.9745862530772315,1.0049827396877828,True
120,0.5,load_pv,1.8615384615384616,True,0.956170827319297,True,4.0,14.0,1.1138894855843768e-07,0.08629751886681167,0.9611709305292959,1.0049757775059913,True
120,0.5,load_pv,2.4153846153846157,True,0.942402228003503,True,4.0,14.0,1.9089807393770713e-07,0.08626877770441933,0.9474023389073337,1.0049685712597491,True
120,0.5,load_pv,2.9692307692307693,True,0.9282506259903222,True,4.0,16.0,2.939377720366622e-07,0.08624003673134345,0.9332506432233134,1.0049613648947424,True
120,0.5,load_pv,3.5230769230769234,True,0.9136823048307684,True,4.0,17.0,4.21690707825277e-07,0.08621129553422392,0.9186821227528168,1.0049541583872588,True
120,0.5,load_pv,4.0769230769230775,True,0.8986582744429499,True,5.0,20.0,2.900512742829403e-07,0.08618259545629077,0.9036585812240013,1.0049469541240965,True
120,0.5,load_pv,4.630769230769231,True,0.8831330371691477,True,5.0,22.0,3.8310964559595415e-07,0.08615385411870782,0.8881333998652013,1.0049397473492656,True
120,0.5,load_pv,5.184615384615385,True,0.8670529556293748,True,5.0,24.0,4.898156026392591e-07,0.08612511276627646,0.8720535377714125,1.0049325404439347,True
120,0.5,load_pv,5.7384615384615385,True,0.8503540527942846,True,5.0,25.0,6.154009244539446e-07,0.08609637139497923,0.8553551537993936,1.004925333407982,True
120,0.5,load_pv,6.292307692307693,True,0.8329589825430523,True,6.0,30.0,2.760642007200257e-08,0.08606763040799743,0.8379595434461818,1.0049181262643287,True
120,0.5,load_pv,6.846153846153847,True,0.8147727527041163,True,6.0,33.0,4.917071126070264e-08,0.08603888900172645,0.8197732171034464,1.0049109189669196,True
120,0.5,load_pv,7.4,True,0.7956765086438461,True,6.0,37.0,8.81389802055686e-08,0.08601014757859164,0.8006764264506868,1.0049037115388668,True
120,0.5,load_pv,7.953846153846155,True,0.775518179343531,True,7.0,43.0,8.474253117746551e-08,0.08598140614253913,0.7805190607292691,1.0048965039803868,False
120,0.5,load_pv,8.507692307692308,True,0.7540978014642559,True,7.0,47.0,1.280344994768906e-07,0.08595266468568913,0.7590995576900423,1.0048892962910216,False
120,0.5,load_pv,9.061538461538461,True,0.7311432724836019,True,8.0,54.0,4.7338954585443395e-08,0.08592392321204861,0.7361441465540691,1.0048820884709928,False
120,0.5,load_pv,9.615384615384615,True,0.7062675761961406,True,9.0,68.0,7.457161036012102e-08,0.0858951817215196,0.711268815342078,1.0048748805202883,False
120,0.5,load_pv,10.169230769230769,True,0.6788865256242448,True,11.0,89.0,5.294169407422671e-08,0.0858664402141315,0.6838877111220865,1.004867672438903,False
120,0.5,load_pv,10.723076923076922,True,0.6480405102948456,True,13.0,124.0,1.1225345776903643e-07,0.08583769868991485,0.6530427514889844,1.0048604642268295,False
120,0.5,pv_only,0.2,True,0.9713884130048804,True,3.0,9.0,4.062724864554584e-05,0.08633760839452517,0.9763884930092094,1.0049781708768812,True
120,0.5,pv_only,0.7538461538461538,True,0.9752088181475479,True,3.0,9.0,4.014632390599665e-05,0.08633786284828628,0.9802088988866869,1.004984104445269,True
120,0.5,pv_only,1.3076923076923077,True,0.9789939949991818,True,3.0,9.0,3.967769824918965e-05,0.08633811727723528,0.98399407562852,1.0049900378728323,True
120,0.5,pv_only,1.8615384615384616,True,0.9827447666568959,True,3.0,9.0,3.9220874670576785e-05,0.08633837168137508,0.9877448461370764,1.004995971159578,True
120,0.5,pv_only,2.4153846153846157,True,0.9864619240753868,True,3.0,8.0,3.877540544296669e-05,0.08633862606070944,0.9914620013148994,1.0050029804368992,True
120,0.5,pv_only,2.9692307692307693,True,0.990146227788264,True,3.0,8.0,3.8340808067750736e-05,0.08633888041522887,0.9951463014809623,1.0050118799855348,True
120,0.5,pv_only,3.5230769230769234,True,0.9937984095171665,True,3.0,8.0,3.791672614729605e-05,0.08633913474495813,0.9987984785384746,1.0050207793317742,True
120,0.5,pv_only,4.0769230769230775,True,0.9973905222839757,True,3.0,8.0,3.750278784401508e-05,0.0863393890498915,1.0023507266400093,1.0050296784756279,True
120,0.5,pv_only,4.630769230769231,True,1.0000010804331068,True,3.0,8.0,3.709873668900441e-05,0.0863396433299966,1.00249786267033,1.0060339748954266,True
120,0.5,pv_only,5.184615384615385,True,1.0000040467835485,True,3.0,10.0,3.6703630554223504e-05,0.08633993985955378,1.0025008376388655,1.0095967777427188,True
120,0.5,pv_only,5.7384615384615385,True,1.0000070130723961,True,3.0,10.0,3.631782000534876e-05,0.08634019409035842,1.0025038113365299,1.013130103685778,True
120,0.5,pv_only,6.292307692307693,True,1.0000099792996513,True,3.0,10.0,3.594073049556657e-05,0.08634044829650044,1.0025067849726275,1.016634564440666,True
120,0.5,pv_only,6.846153846153847,True,1.0000129454653166,True,3.0,10.0,3.557204680543164e-05,0.08634070247799126,1.0025097585471612,1.020110747698129,True
120,0.5,pv_only,7.4,True,1.0000159115693945,True,3.0,11.0,3.5211719699055796e-05,0.0863409566348385,1.002512732060133,1.023559221183476,True
120,0.5,pv_only,7.953846153846155,True,1.000018877611888,True,3.0,11.0,3.48591461966563e-05,0.0863412107670441,1.0025157055115457,1.026980533067077,True
120,0.5,pv_only,8.507692307692308,True,1.0000218435927986,True,3.0,11.0,3.451419819602495e-05,0.08634146487460037,1.0025186789014013,1.0303752135259112,True
120,0.5,pv_only,9.061538461538461,True,1.0000248095121296,True,3.0,11.0,3.417678123551663e-05,0.08634171895754547,1.0025216522297025,1.0337437751894198,True
120,0.5,pv_only,9.615384615384615,True,1.0000277753698827,True,3.0,11.0,3.384981637583375e-05,0.08634197301583744,1.002524625496452,1.0370867140530287,True
120,0.5,pv_only,10.169230769230769,True,1.0000307411660607,True,3.0,11.0,3.3529328456166633e-05,0.08634222704948015,1.0025275987016518,1.0404045101749317,True
120,0.5,pv_only,10.723076923076922,True,1.000033706900666,True,3.0,11.0,3.321515201818492e-05,0.08634248105850216,1.0025305718453041,1.043697628406835,True
350,0.1,load,0.2,True,1.0000024677520627,True,3.0,8.0,2.3218377472798116e-06,0.08638903870614535,1.0010049279443027,1.005760480018875,True
350,0.1,load,0.7538461538461538,True,0.9843911418325715,True,3.0,9.0,1.0623832370024804e-05,0.0863861361263048,0.9893910493970286,1.0050015548922413,True
350,0.1,load,1.3076923076923077,True,0.9675077435750642,True,3.0,10.0,1.963995068870022e-05,0.08638327598239105,0.972507843271423,1.0050008931949845,True
350,0.1,load,1.8615384615384616,True,0.9500536296215215,True,3.0,11.0,2.9498587506050402e-05,0.0863803733965795,0.9550540783721264,1.0050002290589672,True
350,0.1,load,2.4153846153846157,True,0.9319681697576518,True,4.0,14.0,1.2865013587437978e-06,0.08638169285159329,0.9369684617212871,1.0049998086589835,True
350,0.1,load,2.9692307692307693,True,0.9131791237764887,True,4.0,15.0,2.1035521317157947e-06,0.08637878985322134,0.9181794859245451,1.0049991444973836,True
350,0.1,load,3.5230769230769234,True,0.8935992626910576,True,4.0,18.0,3.245659551474844e-06,0.08637588706406273,0.8985996331788992,1.0049984803468166,True
350,0.1,load,4.0769230769230775,True,0.8731216083665209,True,4.0,18.0,4.689341897699293e-06,0.08637298406525094,0.8781219497895258,1.0049978161832247,True
350,0.1,load,4.630769230769231,True,0.8516125307286794,True,4.0,20.0,6.94243572344552e-06,0.0863700810662383,0.856612292747139,1.0049971520308152,False
350,0.1,load,5.184615384615385,True,0.828901390340329,True,5.0,24.0,5.421859053929838e-06,0.08636721994390631,0.8339022778258499,1.0049964902705735,False
350,0.1,load,5.7384615384615385,True,0.8047643428106246,True,5.0,25.0,8.18647667820512e-06,0.08636431693908835,0.8097654513234933,1.0049958261036873,False
350,0.1,load,6.292307692307693,True,0.7788976926246591,True,6.0,31.0,3.171911430117291e-06,0.08636141434941456,0.7838989288829464,1.0049951619597832,False
350,0.1,load,6.846153846153847,True,0.7508711356918939,True,6.0,38.0,5.7656707871702025e-06,0.08635851134412532,0.7558723878479272,1.0049944977909027,False
350,0.1,load,7.4,True,0.7200384751607638,True,7.0,46.0,7.061670726817543e-06,0.08635560834273459,0.7250400252290667,1.0049938336212638,False
350,0.1,load,7.953846153846155,True,0.6853460582131977,True,8.0,60.0,7.222271435916564e-06,0.0863527053370722,0.6903480444044381,1.0049931694503953,False
350,0.1,load,8.507692307692308,True,0.6448439772462005,True,11.0,94.0,7.340930813775616e-06,0.08634980233115848,0.649845954484667,1.004992505278529,False
350,0.1,load,9.061538461538461,True,0.5940101734419172,True,21.0,235.0,1.2804471203660476e-05,0.08634689932505529,0.5990122050835239,1.004991841105668,False
350,0.1,load,9.615384615384615,True,0.5137659099133456,False,60.0,10186.0,0.0025542349865397625,0.08634399631874078,0.44680060661518345,1.004991176931812,False
350,0.1,load,10.169230769230769,False,,,,,,,,,
350,0.1,load,10.723076923076922,False,,,,,,,,,
350,0.1,load_pv,0.2,True,0.9954657220549312,True,3.0,8.0,2.768091831101075e-06,0.0863888529645188,1.0004655100778426,1.0050000529560303,True
350,0.1,load_pv,0.7538461538461538,True,0.9827159422860777,True,3.0,9.0,1.0789535020948983e-05,0.08638607897511066,0.9877158492415362,1.0050008884095791,True
350,0.1,load_pv,1.3076923076923077,True,0.9696663289697058,True,3.0,10.0,1.938851277157214e-05,0.0863833474212333,0.9746664295142212,1.0050017262978186,True
350,0.1,load_pv,1.8615384615384616,True,0.9562947547331428,True,3.0,11.0,2.864389360702579e-05,0.08638057342508877,0.9612952026053518,1.005002561745537,True
350,0.1,load_pv,2.4153846153846157,True,0.9425762171283788,True,3.0,12.0,3.864314462180432e-05,0.08637779942838829,0.9475774452634695,1.005003398421268,True
350,0.1,load_pv,2.9692307692307693,True,0.9284822857583966,True,4.0,15.0,2.167986559565481e-06,0.08637924703786617,0.9334826328243544,1.005004476343588,True
350,0.1,load_pv,3.5230769230769234,True,0.9139804046025685,True,4.0,15.0,3.2564974782940573e-06,0.08637647262174132,0.9189808047886485,1.0050053117587385,True
350,0.1,load_pv,4.0769230769230775,True,0.8990330001800931,True,4.0,16.0,4.385985149537644e-06,0.08637369841655006,0.9040333446944306,1.0050061471832838,True
350,0.1,load_pv,4.630769230769231,True,0.8835963251282571,True,4.0,17.0,6.1693096776040715e-06,0.08637092399934183,0.8885965763819518,1.0050069825929306,True
350,0.1,load_pv,5.184615384615385,True,0.8676189344265285,True,5.0,20.0,4.536377720138964e-06,0.08636819145339832,0.8726196874641137,1.0050078204170236,True
350,0.1,load_pv,5.7384615384615385,True,0.8510396404469507,True,5.0,19.0,6.1888338249111676e-06,0.08636541702539625,0.8560404963214984,1.0050086558206046,False
350,0.1,load_pv,6.292307692307693,True,0.8337847107949597,True,5.0,24.0,8.34967057013714e-06,0.08636264260731598,0.8387858541503213,1.0050094912220373,False
350,0.1,load_pv,6.846153846153847,True,0.8157639350962018,True,5.0,25.0,1.107087120198323e-05,0.08635986818246315,0.8207653618637677,1.0050103266203592,False
350,0.1,load_pv,7.4,True,0.7968649462969025,True,6.0,30.0,3.5574987874335316e-06,0.08635709417231276,0.8018662762425155,1.0050111620399005,False
350,0.1,load_pv,7.953846153846155,True,0.7769447443558372,True,6.0,34.0,5.737431883821132e-06,0.08635431974636894,0.7819460406521279,1.0050119974327183,False
350,0.1,load_pv,8.507692307692308,True,0.7558165259626741,True,6.0,38.0,9.191595598822671e-06,0.08635154531987103,0.7608171848800035,1.005012832822785,False
350,0.1,load_pv,9.061538461538461,True,0.7332281864726478,True,7.0,44.0,8.726150187467505e-06,0.08634877089697934,0.7382301357545958,1.005013668210337,False
350,0.1,load_pv,9.615384615384615,True,0.708824977380391,True,8.0,55.0,6.156798514101088e-06,0.08634599646947994,0.7138270084945195,1.0050145035949039,False
350,0.1,load_pv,10.169230769230769,True,0.6820791601663566,True,9.0,67.0,8.775747330817432e-06,0.08634322204142077,0.6870815455950553,1.005015338976718,False
350,0.1,load_pv,10.723076923076922,True,0.6521419438690939,True,11.0,92.0,8.982392507090496e-06,0.0863404476128456,0.6571445915425934,1.0050161743557815,False
350,0.1,pv_only,0.2,True,0.971400224899574,True,3.0,10.0,1.513002770619573e-05,0.0863847027874608,0.9764002028376574,1.0049990960838977,True
350,0.1,pv_only,0.7538461538461538,True,0.9752532913927681,True,3.0,10.0,1.4716736080489636e-05,0.08638483137872718,0.9802532712103991,1.0050005956758579,True
350,0.1,pv_only,1.3076923076923077,True,0.9790710590976364,True,3.0,9.0,1.4311155922439272e-05,0.08638491752949903,0.9840710433075437,1.0050020928234533,True
350,0.1,pv_only,1.8615384615384616,True,0.9828543521206424,True,3.0,9.0,1.3912812082864486e-05,0.0863850461181988,0.9878543355994137,1.0050035924019318,True
350,0.1,pv_only,2.4153846153846157,True,0.9866034111934935,True,3.0,9.0,1.3521528114074881e-05,0.08638517470554864,0.9916034187675824,1.0050050919736642,True
350,0.1,pv_only,2.9692307692307693,True,0.9903185882629347,True,3.0,8.0,1.313720916353928e-05,0.08638530329155424,0.9953185936999092,1.0050065915386504,True
350,0.1,pv_only,3.5230769230769234,True,0.9940015881560967,True,3.0,8.0,1.2759297333013782e-05,0.08638543187621561,0.9990015906643029,1.0050080910968913,True
350,0.1,pv_only,4.0769230769230775,True,0.9976414483557237,True,3.0,8.0,1.2387933316222857e-05,0.08638556045952134,1.0009467967129597,1.0050095906483854,True
350,0.1,pv_only,4.630769230769231,True,0.9999982365810699,True,3.0,9.0,1.2023075138049948e-05,0.0863857314801019,1.0009970781112278,1.0063052879831076,True
350,0.1,pv_only,5.184615384615385,True,1.0000128384166318,True,3.0,10.0,1.1663012182339132e-05,0.0863858600606506,1.001046870448612,1.0099002444796839,True
350,0.1,pv_only,5.7384615384615385,True,1.000014337947145,True,3.0,10.0,1.1308789956243884e-05,0.0863859886398608,1.0010961823257891,1.0134656642176187,True
350,0.1,pv_only,6.292307692307693,True,1.0000158374709127,True,3.0,10.0,1.0960324243099021e-05,0.0863861172177363,1.001145021654025,1.0170021569168337,True
350,0.1,pv_only,6.846153846153847,True,1.0000173369879346,True,3.0,10.0,1.0617258968344866e-05,0.08638624579426375,1.001193396086381,1.020510311437052,True
350,0.1,pv_only,7.4,True,1.000018836498211,True,3.0,11.0,1.0279611678749938e-05,0.0863863743694565,1.0012413130283966,1.0239906966741787,True
350,0.1,pv_only,7.953846153846155,True,1.0000203360017421,True,3.0,11.0,9.949466497966208e-06,0.086386502943305,1.0012887796411483,1.0274438619764041,True
350,0.1,pv_only,8.507692307692308,True,1.0000218354985277,True,3.0,11.0,9.66195941355388e-06,0.086386631515815,1.0013358028623582,1.0308703386945555,True
350,0.1,pv_only,9.061538461538461,True,1.0000233349885679,True,3.0,11.0,9.385727320182047e-06,0.08638676008698076,1.0013823894104754,1.0342706406306779,True
350,0.1,pv_only,9.615384615384615,True,1.000024834471863,True,3.0,11.0,9.116066676761342e-06,0.08638688865680992,1.001428545795958,1.0376452649498722,True
350,0.1,pv_only,10.169230769230769,True,1.000026333948413,True,3.0,11.0,8.854146981704377e-06,0.08638701722530055,1.0014742783297323,1.0409946928745253,True
350,0.1,pv_only,10.723076923076922,True,1.000027833418218,True,3.0,11.0,8.59823550788741e-06,0.08638714579244886,1.001519593132017,1.0443193904145125,True
350,0.25,load,0.2,True,1.0000008370481335,True,3.0,8.0,2.1186652107675676e-06,0.08638889887251243,1.0025052813456725,1.0057617563262378,True
350,0.25,load,0.7538461538461538,True,0.9843969569275213,True,3.0,9.0,8.852736526042493e-06,0.08638599629211208,0.9893967821588469,1.0049999241847891,True
350,0.25,load,1.3076923076923077,True,0.9675137719157239,True,3.0,10.0,1.6189492387787746e-05,0.08638313614778134,0.9725138537468422,1.0049992624848314,True
350,0.25,load,1.8615384615384616,True,0.9500598918035779,True,3.0,12.0,2.403226673131495e-05,0.08638023356141289,0.9550608258316472,1.0049985995770447,True
350,0.25,load,2.4153846153846157,True,0.9319746898800974,True,4.0,14.0,1.0733876453918876e-06,0.08638155302265181,0.9369746775942737,1.0049981779441892,True
350,0.25,load,2.9692307692307693,True,0.9131859303524507,True,4.0,16.0,1.8232726489942336e-06,0.0863786502352544,0.9181858228131452,1.0049975137920262,True
350,0.25,load,3.5230769230769234,True,0.893606389893599,True,4.0,17.0,2.9432489728010986e-06,0.08637574723399694,0.898606105852378,1.004996849626595,True
350,0.25,load,4.0769230769230775,True,0.8731290977760195,True,5.0,21.0,2.3331850817231674e-06,0.08637288612042149,0.8781291234589452,1.0049961878783227,False
350,0.25,load,4.630769230769231,True,0.8516204338575015,True,5.0,24.0,3.468615174638821e-06,0.0863699831175104,0.8566205490539486,1.004995523710831,False
350,0.25,load,5.184615384615385,True,0.8289097724123995,True,5.0,26.0,5.097947179158037e-06,0.08636708011230496,0.8339100044094799,1.0049948595422242,False
350,0.25,load,5.7384615384615385,True,0.8047732886699556,True,6.0,31.0,1.1998646640206624e-06,0.08636417752235792,0.809773410790301,1.0049941953966068,False
350,0.25,load,6.292307692307693,True,0.7789073164845873,True,6.0,35.0,2.3072777381392038e-06,0.086361274516706,0.7839072789615236,1.0049935312260079,False
350,0.25,load,6.846153846153847,True,0.7508815983771323,True,7.0,43.0,2.691529292212243e-06,0.08635837151496299,0.7558816938620008,1.004992867054651,False
350,0.25,load,7.4,True,0.7200500175605726,True,8.0,53.0,2.1033299139323675e-06,0.08635546850893504,0.7250501862577078,1.0049922028820633,False
350,0.25,load,7.953846153846155,True,0.6853590752505855,True,9.0,71.0,4.035217721974515e-06,0.08635256550266432,0.6903590624514511,1.0049915387084785,False
350,0.25,load,8.507692307692308,True,0.6448592178114837,True,12.0,107.0,3.86989539157972e-06,0.0863496624962013,0.6498596223804644,1.004990874533899,False
350,0.25,load,9.061538461538461,True,0.5940295159461457,True,24.0,288.0,6.0206299753166146e-06,0.08634675948952786,0.5990303149509598,1.0049902103583244,False
350,0.25,load,9.615384615384615,True,0.5138009416652066,False,60.0,9825.0,0.0006690256461574524,0.08634385648265928,0.59509134572453,1.0049895461817548,False
350,0.25,load,10.169230769230769,False,,,,,,,,,
350,0.25,load,10.723076923076922,False,,,,,,,,,
350,0.25,load_pv,0.2,True,0.9954668537270548,True,3.0,8.0,2.286184974308112e-06,0.08638882499749405,1.0004666127133093,1.0049997268136015,True
350,0.25,load_pv,0.7538461538461538,True,0.9827203358393318,True,3.0,9.0,8.924847586908341e-06,0.08638597356129546,0.9877201599296245,1.0049996591053205,True
350,0.25,load_pv,1.3076923076923077,True,0.9696741885922308,True,3.0,10.0,1.6066213182020073e-05,0.08638316456133402,0.9746742694707614,1.00499959383442,True
350,0.25,load_pv,1.8615384615384616,True,0.9563063078269615,True,3.0,12.0,2.3581278654068732e-05,0.08638031311949575,0.9613071621438029,1.0049995273566024,True
350,0.25,load_pv,2.4153846153846157,True,0.9425917182749414,True,4.0,13.0,1.0320581115369024e-06,0.08638168329813116,0.947591704680895,1.004999702129603,True
350,0.25,load_pv,2.9692307692307693,True,0.9285020216252954,True,4.0,14.0,1.6819378489507521e-06,0.08637883186265037,0.9335019714347416,1.0049996344211145,True
350,0.25,load_pv,3.5230769230769234,True,0.9140047000854576,True,4.0,16.0,2.5639135624870346e-06,0.08637598021765448,0.9190044817644991,1.0049995667003928,True
350,0.25,load_pv,4.0769230769230775,True,0.8990622261910977,True,4.0,18.0,3.7797476152447786e-06,0.08637312835903652,0.9040615604481079,1.0049994989795024,True
350,0.25,load_pv,4.630769230769231,True,0.8836309086168875,True,5.0,21.0,2.7990893308348285e-06,0.08637031838254183,0.8886309513548696,1.0049994336519896,False
350,0.25,load_pv,5.184615384615385,True,0.8676593714863553,True,5.0,23.0,3.86614374647853e-06,0.08636746652051569,0.8726594312083951,1.0049993659185699,False
350,0.25,load_pv,5.7384615384615385,True,0.8510865137828678,True,5.0,24.0,5.260513750907939e-06,0.08636461466057635,0.8560867607200953,1.004999298185193,False
350,0.25,load_pv,6.292307692307693,True,0.8338387135091506,True,5.0,27.0,6.878057986354937e-06,0.08636176279854448,0.8388395114829807,1.0049992304517397,False
350,0.25,load_pv,6.846153846153847,True,0.8158259038994954,True,6.0,30.0,1.406519644143432e-06,0.08635891135182243,0.8208260122451736,1.0049991627419435,False
350,0.25,load_pv,7.4,True,0.796935909269612,True,6.0,34.0,2.2742080464708795e-06,0.08635605948973919,0.8019358142591035,1.0049990950082122,False
350,0.25,load_pv,7.953846153846155,True,0.7770259920937111,True,6.0,37.0,3.683799864220722e-06,0.08635320762763309,0.7820251041345794,1.0049990272744043,False
350,0.25,load_pv,8.507692307692308,True,0.755909722194373,True,7.0,44.0,3.574848483831261e-06,0.08635035576963582,0.7609099340182613,1.004998959540754,False
350,0.25,load_pv,9.061538461538461,True,0.7333355494456896,True,8.0,51.0,2.146266859821104e-06,0.08634750390755447,0.73833583261687,1.0049988918067922,False
350,0.25,load_pv,9.615384615384615,True,0.7089495982054722,True,9.0,60.0,2.9244257014612817e-06,0.08634465204542931,0.7139493641571764,1.0049988240727508,False
350,0.25,load_pv,10.169230769230769,True,0.6822256142117001,True,10.0,77.0,3.282724108687532e-06,0.08634180018329465,0.6872257408704939,1.0049987563386322,False
350,0.25,load_pv,10.723076923076922,True,0.6523176223271385,True,12.0,104.0,4.20160023064304e-06,0.08633894832117142,0.6573178699351871,1.0049986886044369,False
350,0.25,pv_only,0.2,True,0.9714014154139667,True,3.0,10.0,1.2309301863289541e-05,0.0863846748202999,0.9764013204916291,1.0049987699406873,True
350,0.25,pv_only,0.7538461538461538,True,0.9752577551004755,True,3.0,10.0,1.2117270707957862e-05,0.08638472596483392,0.9802576614194677,1.0049993663706995,True
350,0.25,pv_only,1.3076923076923077,True,0.9790787621099786,True,3.0,9.0,1.1930207357076892e-05,0.08638473466981872,0.9840786675167649,1.0049999603620101,True
350,0.25,pv_only,1.8615384615384616,True,0.9828652431437854,True,3.0,9.0,1.1747833474151412e-05,0.08638478581398239,0.9878651673458332,1.0050005567898928,True
350,0.25,pv_only,2.4153846153846157,True,0.9866162144391056,True,3.0,9.0,1.1569634431295585e-05,0.08638483695792329,0.9916161583155055,1.0050011532167076,True
350,0.25,pv_only,2.9692307692307693,True,0.9903342471746545,True,3.0,8.0,1.1395889965535969e-05,0.08638488810164903,0.9953341888221583,1.005001749642455,True
350,0.25,pv_only,3.5230769230769234,True,0.9940200746459953,True,3.0,8.0,1.1226292538222979e-05,0.08638493924516913,0.9990200128053176,1.0050023460671356,True
350,0.25,pv_only,4.0769230769230775,True,0.9976682692200874,True,3.0,8.0,1.106081223414833e-05,0.0863849903884722,1.0024520051823562,1.005002942490749,True
350,0.25,pv_only,4.630769230769231,True,1.0000037876032803,True,3.0,8.0,1.0899332222850972e-05,0.0863850415315639,1.0025031077028168,1.006311729148431,True
350,0.25,pv_only,5.184615384615385,True,1.0000043840244635,True,3.0,10.0,1.0741388162524275e-05,0.08638513511345555,1.0025537211403401,1.0099073931191251,True
350,0.25,pv_only,5.7384615384615385,True,1.0000049804445796,True,3.0,10.0,1.0583956174923783e-05,0.08638518625608267,1.0026038513710889,1.0134735086372852,True
350,0.25,pv_only,6.292307692307693,True,1.0000055768636285,True,3.0,10.0,1.0423013351759761e-05,0.08638523739849656,1.0026535075028657,1.0170106861501251,True
350,0.25,pv_only,6.846153846153847,True,1.0000061732816106,True,3.0,10.0,1.026487673374676e-05,0.0863852885406991,1.0027026972211763,1.0205195148088941,True
350,0.25,pv_only,7.4,True,1.000006769698525,True,3.0,11.0,1.0109647353700055e-05,0.08638533968268458,1.0027514279630456,1.0240005637909888,True
350,0.25,pv_only,7.953846153846155,True,1.0000073661143725,True,3.0,11.0,9.957029055033724e-06,0.08638539082445681,1.002799706919573,1.0274543826919025,True
350,0.25,pv_only,8.507692307692308,True,1.000007962529153,True,3.0,11.0,9.806975604316442e-06,0.08638544196602531,1.0028475410577873,1.0308815031085263,True
350,0.25,pv_only,9.061538461538461,True,1.0000085589428664,True,3.0,11.0,9.659420020559659e-06,0.08638549310738247,1.002894937124377,1.034282439070868,True
350,0.25,pv_only,9.615384615384615,True,1.0000091553555124,True,3.0,11.0,9.51380397302696e-06,0.08638554424851497,1.0029419016571155,1.0376576879589055,True
350,0.25,pv_only,10.169230769230769,True,1.0000097517670914,True,3.0,11.0,9.369769741653019e-06,0.08638559538944561,1.002988440993353,1.0410077311977652,True
350,0.25,pv_only,10.723076923076922,True,1.0000103481776035,True,3.0,11.0,9.228912836884483e-06,0.08638564653016492,1.0030345612788878,1.044333034988823,True
350,0.5,load,0.2,True,1.0000003016832173,True,3.0,8.0,2.0888336314007655e-06,0.0863888529645188,1.0033408533599508,1.0057421700106035,True
350,0.5,load,0.7538461538461538,True,0.9843772518692853,True,3.0,9.0,8.436554790388334e-06,0.0863859503839376,0.9893771065364516,1.0049993888187168,True
350,0.5,load,1.3076923076923077,True,0.9674933465529356,True,3.0,10.0,1.5300492506824842e-05,0.08638304780313265,0.9724936731552779,1.004998725911265,True
350,0.5,load,1.8615384615384616,True,0.9500386686694975,True,4.0,14.0,2.4372101121779105e-07,0.0863844101151198,0.9550386623216826,1.0049983067399155,True
350,0.5,load,2.4153846153846157,True,0.9319525769182939,True,4.0,15.0,4.433129321402349e-07,0.08638150732776617,0.9369525107042214,1.004997642587858,True
350,0.5,load,2.9692307692307693,True,0.9131628167961175,True,4.0,17.0,7.285541711297184e-07,0.08637860432652679,0.9181626057159065,1.0049969784225314,True
350,0.5,load,3.5230769230769234,True,0.8935821405244952,True,4.0,19.0,1.1235297249701726e-06,0.08637570132719333,0.8985813071153498,1.0049963142685128,True
350,0.5,load,4.0769230769230775,True,0.8731035447117081,True,5.0,22.0,8.573079345472e-07,0.0863728402134646,0.878103565103355,1.004995652507171,False
350,0.5,load,4.630769230769231,True,0.8515933644319447,True,5.0,24.0,1.2472753817521096e-06,0.08636993721036121,0.8565935427277044,1.004994988338788,False
350,0.5,load,5.184615384615385,True,0.8288809106155299,True,5.0,28.0,1.7978828680556612e-06,0.08636703420497108,0.833881764132744,1.004994324169411,False
350,0.5,load,5.7384615384615385,True,0.8047422654112546,True,6.0,34.0,3.585038679752171e-07,0.08636413161486696,0.8097422492621432,1.0049936600227838,False
350,0.5,load,6.292307692307693,True,0.7788736192010003,True,6.0,37.0,6.556797188110653e-07,0.08636122860901227,0.7838729270145672,1.0049929958512938,False
350,0.5,load,6.846153846153847,True,0.7508444792750416,True,7.0,46.0,7.122851350487305e-07,0.08635832560708365,0.7558446078236519,1.0049923316790448,False
350,0.5,load,7.4,True,0.7200083097664378,True,8.0,57.0,5.148188457509599e-07,0.08635542260086622,0.725008401542255,1.0049916675055663,False
350,0.5,load,7.953846153846155,True,0.68531077141771,True,10.0,76.0,4.3346877438427124e-07,0.08635251959441556,0.6903112351661546,1.0049910033310907,False
350,0.5,load,8.507692307692308,True,0.6448002833612271,True,13.0,123.0,6.603022470845807e-07,0.08634961658777071,0.6498001848026183,1.0049903391556205,False
350,0.5,load,9.061538461538461,True,0.5939490527657827,True,25.0,314.0,1.3612617961607346e-06,0.08634671358091735,0.5989483729581287,1.004989674979155,False
350,0.5,load,9.615384615384615,True,0.5136235913573323,False,60.0,9519.0,0.0003687765301095524,0.08634381057386598,0.4451737838726311,1.0049890108016948,False
350,0.5,load,10.169230769230769,False,,,,,,,,,
350,0.5,load,10.723076923076922,False,,,,,,,,,
350,0.5,load_pv,0.2,True,0.9954629927931983,True,3.0,8.0,2.181869961783997e-06,0.08638881581585516,1.0004627510924875,1.0049996197403572,True
350,0.5,load_pv,0.7538461538461538,True,0.9827054176157173,True,3.0,9.0,8.484249178976872e-06,0.08638593895354549,0.9877052710927345,1.0049992555214247,True
350,0.5,load_pv,1.3076923076923077,True,0.9696476282255743,True,3.0,10.0,1.5209892955402224e-05,0.08638306209116156,0.9746479434829974,1.0049988925330815,True
350,0.5,load_pv,1.8615384615384616,True,0.9562674508765011,True,4.0,14.0,2.3321981354328122e-07,0.08638445011973808,0.9612674441206047,1.004998773281342,True
350,0.5,load_pv,2.4153846153846157,True,0.9425398280585185,True,4.0,14.0,4.260586239826863e-07,0.08638157283827727,0.9475397920427987,1.0049984090375517,True
350,0.5,load_pv,2.9692307692307693,True,0.9284362633994964,True,4.0,16.0,6.814930645333245e-07,0.08637869576620971,0.9334360943091101,1.0049980448055247,True
350,0.5,load_pv,3.5230769230769234,True,0.9139241210275977,True,4.0,17.0,1.0183797018234145e-06,0.08637581848461943,0.9189237146824252,1.0049976805611993,True
350,0.5,load_pv,4.0769230769230775,True,0.8989657297252573,True,5.0,20.0,7.390732618915861e-07,0.08637298308867104,0.903965768905492,1.0049973187346315,True
350,0.5,load_pv,4.630769230769231,True,0.8835172209853064,True,5.0,21.0,1.0264726441507896e-06,0.08637010580152393,0.8885172690298379,1.004996954489459,True
350,0.5,load_pv,5.184615384615385,True,0.867526997477511,True,5.0,24.0,1.3972828660706612e-06,0.08636722851640552,0.8725272064342966,1.0049965902441393,False
350,0.5,load_pv,5.7384615384615385,True,0.8509336769514494,True,5.0,25.0,1.8654312947227912e-06,0.08636435122915936,0.8559343227159653,1.004996225998554,False
350,0.5,load_pv,6.292307692307693,True,0.8336632736406243,True,6.0,30.0,2.7880923953441435e-07,0.08636147435725161,0.8386633516472944,1.004995861776441,False
350,0.5,load_pv,6.846153846153847,True,0.8156252400832964,True,6.0,33.0,4.3645789303853556e-07,0.08635859706986648,0.8206251710184513,1.0049954975301993,False
350,0.5,load_pv,7.4,True,0.7967067491541271,True,6.0,36.0,6.815164851720982e-07,0.08635571978240997,0.8017061293892805,1.004995133283691,False
350,0.5,load_pv,7.953846153846155,True,0.7767641533912889,True,7.0,42.0,6.05938364911381e-07,0.08635284249902418,0.7817643201404294,1.0049947690371515,False
350,0.5,load_pv,8.507692307692308,True,0.7556097038280606,True,7.0,47.0,9.813360082780568e-07,0.0863499652114658,0.7606105303082769,1.0049944047901083,False
350,0.5,load_pv,9.061538461538461,True,0.7329898488073648,True,8.0,54.0,5.456630844723983e-07,0.08634708792390551,0.7379898459352243,1.004994040542801,False
350,0.5,load_pv,9.615384615384615,True,0.7085474893612902,True,9.0,67.0,6.959361158016947e-07,0.08634421063625096,0.7135476626407441,1.004993676295225,False
350,0.5,load_pv,10.169230769230769,True,0.6817507517545521,True,10.0,81.0,7.637634794964429e-07,0.08634133334855451,0.6867501139885563,1.0049933120473822,False
350,0.5,load_pv,10.723076923076922,True,0.6517427022921517,True,13.0,116.0,6.874258563392567e-07,0.08633845606080194,0.6567427769429273,1.0049929477992727,False
350,0.5,pv_only,0.2,True,0.9713973542428908,True,3.0,9.0,1.1610531050335068e-05,0.08638462319917181,0.9763973300453442,1.004998660429543,True
350,0.5,pv_only,0.7538461538461538,True,0.9752425994814468,True,3.0,9.0,1.1476185226325183e-05,0.08638464891764043,0.9802425784045573,1.0049989603488667,True
350,0.5,pv_only,1.3076923076923077,True,0.9790527288284173,True,3.0,9.0,1.1346091899531163e-05,0.08638467463605193,0.9840527095595228,1.0049992602679207,True
350,0.5,pv_only,1.8615384615384616,True,0.9828285596454083,True,3.0,9.0,1.122005071228296e-05,0.08638470035440916,0.9878285406809791,1.0049995601867048,True
350,0.5,pv_only,2.4153846153846157,True,0.9865708775216864,True,3.0,8.0,1.1098023002702214e-05,0.08638472607271498,0.9915708573090396,1.0049998601052192,True
350,0.5,pv_only,2.9692307692307693,True,0.9902804379690565,True,3.0,8.0,1.0979439428811573e-05,0.08638475179096369,0.995280414762386,1.0050001600234635,True
350,0.5,pv_only,3.5230769230769234,True,0.9939579680064311,True,3.0,8.0,1.0864507065436394e-05,0.08638477750915909,0.9989579402450252,1.0050004599414377,True
350,0.5,pv_only,4.0769230769230775,True,0.9976030110803419,True,3.0,8.0,1.0752994912439768e-05,0.08638480322729546,1.0026029893132031,1.0050007598591417,True
350,0.5,pv_only,4.630769230769231,True,1.0000013084677917,True,3.0,8.0,1.0644765193210353e-05,0.08638482894538232,1.0033462360759795,1.0062227088384912,True
350,0.5,pv_only,5.184615384615385,True,1.0000016083848078,True,3.0,10.0,1.0539619749292454e-05,0.08638489710263852,1.0033971116109408,1.0098079936126785,True
350,0.5,pv_only,5.7384615384615385,True,1.0000019083015543,True,3.0,10.0,1.043756300262278e-05,0.08638492282060163,1.0034475047042415,1.0133644335724536,True
350,0.5,pv_only,6.292307692307693,True,1.0000022082180304,True,3.0,10.0,1.0338424699376495e-05,0.08638494853849808,1.0034974248365067,1.016892097279951,True
350,0.5,pv_only,6.846153846153847,True,1.0000025081342372,True,3.0,10.0,1.0242091515850851e-05,0.08638497425634885,1.0035468796555664,1.0203915688533685,True
350,0.5,pv_only,7.4,True,1.0000028080501737,True,3.0,11.0,1.0148489848316911e-05,0.08638499997413868,1.0035958765627608,1.023863412657961,True
350,0.5,pv_only,7.953846153846155,True,1.0000031079658407,True,3.0,11.0,1.0057498409296694e-05,0.08638502569188855,1.003644422715324,1.0273081736853646,True
350,0.5,pv_only,8.507692307692308,True,1.0000034078812376,True,3.0,11.0,9.969033925593924e-06,0.08638505140957367,1.0036925250481703,1.030726379125613,True
350,0.5,pv_only,9.061538461538461,True,1.0000037077963648,True,3.0,11.0,9.883011161675337e-06,0.08638507712720547,1.0037401902775038,1.0341185387886316,True
350,0.5,pv_only,9.615384615384615,True,1.0000040077112222,True,3.0,11.0,9.799349724179885e-06,0.08638510284479349,1.0037874249121248,1.03748514600948,True
350,0.5,pv_only,10.169230769230769,True,1.0000043076258096,True,3.0,11.0,9.71797426487929e-06,0.08638512856231677,1.0038342352618543,1.0408266783361304,True
350,0.5,pv_only,10.723076923076922,True,1.0000046075401272,True,3.0,11.0,9.638814100369418e-06,0.08638515427978673,1.0038806274463055,1.0441435982506784,True
